tenant_id,entra_group_id,entra_object_id,role,synced_at
a1b2c3d4-e5f6-7890-abcd-ef1234567890,e0b83fdc-09e5-4ac5-9d3e-8cece278a8c5,e5f71542-83d2-422b-90b0-4f0bdf92db57,owner,2026-05-19T07:00:00+00:00
a1b2c3d4-e5f6-7890-abcd-ef1234567890,e0b83fdc-09e5-4ac5-9d3e-8cece278a8c5,b2d0da32-671a-4b0e-a284-317936e34cfa,owner,2026-05-19T07:00:00+00:00
a1b2c3d4-e5f6-7890-abcd-ef1234567890,e0b83fdc-09e5-4ac5-9d3e-8cece278a8c5,ffe94729-67ac-4c71-b2b7-15f9ff4a401f,owner,2026-05-19T07:00:00+00:00
a1b2c3d4-e5f6-7890-abcd-ef1234567890,e0b83fdc-09e5-4ac5-9d3e-8cece278a8c5,b7c75ba3-3026-481b-ae2a-dd23df5c0304,owner,2026-05-19T07:00:00+00:00
a1b2c3d4-e5f6-7890-abcd-ef1234567890,e0b83fdc-09e5-4ac5-9d3e-8cece278a8c5,9f93d859-cae1-45a6-9bc9-4040367068ae,owner,2026-05-19T07:00:00+00:00
a1b2c3d4-e5f6-7890-abcd-ef1234567890,e0b83fdc-09e5-4ac5-9d3e-8cece278a8c5,86179a7b-ce3a-4912-b0ee-aa5c9007212b,owner,2026-05-19T07:00:00+00:00
a1b2c3d4-e5f6-7890-abcd-ef1234567890,e0b83fdc-09e5-4ac5-9d3e-8cece278a8c5,13846863-25c1-48e3-91e9-a6a2f1343d37,owner,2026-05-19T07:00:00+00:00
a1b2c3d4-e5f6-7890-abcd-ef1234567890,e0b83fdc-09e5-4ac5-9d3e-8cece278a8c5,714d7475-e77b-40a5-a099-0761a3d397c6,owner,2026-05-19T07:00:00+00:00
a1b2c3d4-e5f6-7890-abcd-ef1234567890,c8f406dc-3858-48d0-b885-019c657e2374,f169a203-2b09-4a4e-98b9-98b6f89a3819,member,2026-05-19T07:00:00+00:00
a1b2c3d4-e5f6-7890-abcd-ef1234567890,c8f406dc-3858-48d0-b885-019c657e2374,31cc1fac-8473-4c95-961d-494fce1e0455,member,2026-05-19T07:00:00+00:00
a1b2c3d4-e5f6-7890-abcd-ef1234567890,c8f406dc-3858-48d0-b885-019c657e2374,bc0aeedb-acad-4311-b059-d24a46aff0d2,member,2026-05-19T07:00:00+00:00
a1b2c3d4-e5f6-7890-abcd-ef1234567890,c8f406dc-3858-48d0-b885-019c657e2374,c333de1c-768d-4d35-bee1-fd782c711014,member,2026-05-19T07:00:00+00:00
a1b2c3d4-e5f6-7890-abcd-ef1234567890,c8f406dc-3858-48d0-b885-019c657e2374,25678646-5382-49ba-983a-86102d138dad,member,2026-05-19T07:00:00+00:00
a1b2c3d4-e5f6-7890-abcd-ef1234567890,c8f406dc-3858-48d0-b885-019c657e2374,fcaa9bc5-c68c-405e-913c-0fd2af61e407,member,2026-05-19T07:00:00+00:00
a1b2c3d4-e5f6-7890-abcd-ef1234567890,c8f406dc-3858-48d0-b885-019c657e2374,6ff80b14-8584-4d5e-a71e-015a187377f8,member,2026-05-19T07:00:00+00:00
a1b2c3d4-e5f6-7890-abcd-ef1234567890,c8f406dc-3858-48d0-b885-019c657e2374,4ac42da8-a7bd-49b7-9087-1a46102d7e6a,member,2026-05-19T07:00:00+00:00
a1b2c3d4-e5f6-7890-abcd-ef1234567890,c8f406dc-3858-48d0-b885-019c657e2374,df776239-9e3d-4772-abc8-9e0430e4d228,member,2026-05-19T07:00:00+00:00
a1b2c3d4-e5f6-7890-abcd-ef1234567890,c8f406dc-3858-48d0-b885-019c657e2374,ac1d3391-705c-4f4c-9567-c89a8680f0e8,member,2026-05-19T07:00:00+00:00
a1b2c3d4-e5f6-7890-abcd-ef1234567890,c8f406dc-3858-48d0-b885-019c657e2374,f1280a65-993e-4c4e-add9-145e1fc6a314,member,2026-05-19T07:00:00+00:00
a1b2c3d4-e5f6-7890-abcd-ef1234567890,c8f406dc-3858-48d0-b885-019c657e2374,7def619d-b676-44e5-b42b-d28b19d5c693,member,2026-05-19T07:00:00+00:00
a1b2c3d4-e5f6-7890-abcd-ef1234567890,c8f406dc-3858-48d0-b885-019c657e2374,a8644c14-392e-4e8b-803c-5b6021954430,member,2026-05-19T07:00:00+00:00
a1b2c3d4-e5f6-7890-abcd-ef1234567890,c8f406dc-3858-48d0-b885-019c657e2374,f188a990-f216-44ce-9dc2-58ecd4665408,member,2026-05-19T07:00:00+00:00
a1b2c3d4-e5f6-7890-abcd-ef1234567890,c8f406dc-3858-48d0-b885-019c657e2374,ffbd5a73-9fa9-4c95-aaa7-52500210162a,member,2026-05-19T07:00:00+00:00
a1b2c3d4-e5f6-7890-abcd-ef1234567890,c8f406dc-3858-48d0-b885-019c657e2374,2ca56b41-1963-49f7-b1ac-562dd7aef21b,member,2026-05-19T07:00:00+00:00
a1b2c3d4-e5f6-7890-abcd-ef1234567890,c8f406dc-3858-48d0-b885-019c657e2374,c3147448-1f30-4112-8623-e05c4f0204cb,member,2026-05-19T07:00:00+00:00
a1b2c3d4-e5f6-7890-abcd-ef1234567890,c8f406dc-3858-48d0-b885-019c657e2374,da32145b-e55e-4afc-b21c-80fcedbf5035,member,2026-05-19T07:00:00+00:00
a1b2c3d4-e5f6-7890-abcd-ef1234567890,c8f406dc-3858-48d0-b885-019c657e2374,f5bd0df8-0f24-4da1-9c2a-29cbcdd49013,member,2026-05-19T07:00:00+00:00
a1b2c3d4-e5f6-7890-abcd-ef1234567890,c8f406dc-3858-48d0-b885-019c657e2374,a9acade6-169f-4eb4-a03a-7b17c7b81e6b,member,2026-05-19T07:00:00+00:00
a1b2c3d4-e5f6-7890-abcd-ef1234567890,c8f406dc-3858-48d0-b885-019c657e2374,ffc4c2aa-f03e-43cf-853d-b759789db889,member,2026-05-19T07:00:00+00:00
a1b2c3d4-e5f6-7890-abcd-ef1234567890,c8f406dc-3858-48d0-b885-019c657e2374,b097086a-e274-432b-8ac6-a2a47e667f42,member,2026-05-19T07:00:00+00:00
a1b2c3d4-e5f6-7890-abcd-ef1234567890,c8f406dc-3858-48d0-b885-019c657e2374,42106f82-f6d1-4cbb-a9b0-4d38e8aecd73,member,2026-05-19T07:00:00+00:00
a1b2c3d4-e5f6-7890-abcd-ef1234567890,c8f406dc-3858-48d0-b885-019c657e2374,e92d252f-4928-43bf-8bc0-0de5bb1cf620,member,2026-05-19T07:00:00+00:00
a1b2c3d4-e5f6-7890-abcd-ef1234567890,c8f406dc-3858-48d0-b885-019c657e2374,b7040779-c178-4020-a81d-c10ee8ea7a6b,member,2026-05-19T07:00:00+00:00
a1b2c3d4-e5f6-7890-abcd-ef1234567890,c8f406dc-3858-48d0-b885-019c657e2374,8c09a9e7-9c7d-4627-ae0c-39544e99e681,member,2026-05-19T07:00:00+00:00
a1b2c3d4-e5f6-7890-abcd-ef1234567890,c8f406dc-3858-48d0-b885-019c657e2374,1efd5ad3-d8c1-4664-9d23-0a344614295a,member,2026-05-19T07:00:00+00:00
a1b2c3d4-e5f6-7890-abcd-ef1234567890,c8f406dc-3858-48d0-b885-019c657e2374,0f984f10-85b3-40d7-a63e-ae6be555b8ba,member,2026-05-19T07:00:00+00:00
a1b2c3d4-e5f6-7890-abcd-ef1234567890,c8f406dc-3858-48d0-b885-019c657e2374,3b8132cf-8017-43f3-8139-4807fa7157f8,member,2026-05-19T07:00:00+00:00
a1b2c3d4-e5f6-7890-abcd-ef1234567890,c8f406dc-3858-48d0-b885-019c657e2374,32563364-d3f9-454f-87dc-9e4a1945d3a1,member,2026-05-19T07:00:00+00:00
a1b2c3d4-e5f6-7890-abcd-ef1234567890,c8f406dc-3858-48d0-b885-019c657e2374,1acd2ba4-51af-4f5f-a8ea-a34bd068db1b,member,2026-05-19T07:00:00+00:00
a1b2c3d4-e5f6-7890-abcd-ef1234567890,c8f406dc-3858-48d0-b885-019c657e2374,283b527b-22d6-4352-8807-95f736b465d1,member,2026-05-19T07:00:00+00:00
a1b2c3d4-e5f6-7890-abcd-ef1234567890,c8f406dc-3858-48d0-b885-019c657e2374,28f2f7ce-59db-49c2-a6e2-2dadb317d926,member,2026-05-19T07:00:00+00:00
a1b2c3d4-e5f6-7890-abcd-ef1234567890,c8f406dc-3858-48d0-b885-019c657e2374,4c8a7868-6328-4aa0-9aaf-1f74c00b83cd,member,2026-05-19T07:00:00+00:00
a1b2c3d4-e5f6-7890-abcd-ef1234567890,c8f406dc-3858-48d0-b885-019c657e2374,1fda4644-c4a6-4abd-b169-7d4a5e9f22eb,member,2026-05-19T07:00:00+00:00
a1b2c3d4-e5f6-7890-abcd-ef1234567890,c8f406dc-3858-48d0-b885-019c657e2374,7230caef-974d-4412-ac70-8d62dbf66723,member,2026-05-19T07:00:00+00:00
a1b2c3d4-e5f6-7890-abcd-ef1234567890,c8f406dc-3858-48d0-b885-019c657e2374,489057f4-72ac-45b4-b2f7-27b8093fab48,member,2026-05-19T07:00:00+00:00
a1b2c3d4-e5f6-7890-abcd-ef1234567890,c8f406dc-3858-48d0-b885-019c657e2374,dce76b0e-46a6-48ef-b3b3-15e44e7b95f0,member,2026-05-19T07:00:00+00:00
a1b2c3d4-e5f6-7890-abcd-ef1234567890,c8f406dc-3858-48d0-b885-019c657e2374,4a2b7158-9543-4d61-8668-8cb146d33f17,member,2026-05-19T07:00:00+00:00
a1b2c3d4-e5f6-7890-abcd-ef1234567890,c8f406dc-3858-48d0-b885-019c657e2374,e5252f6a-a941-44c8-8aa1-a3fc13adcd7e,member,2026-05-19T07:00:00+00:00
a1b2c3d4-e5f6-7890-abcd-ef1234567890,c8f406dc-3858-48d0-b885-019c657e2374,0bb83a97-6114-4feb-9ff6-7c8e2ed8666d,member,2026-05-19T07:00:00+00:00
a1b2c3d4-e5f6-7890-abcd-ef1234567890,c8f406dc-3858-48d0-b885-019c657e2374,c1cc1139-4947-48e1-a47f-c3e7bbdd01f0,member,2026-05-19T07:00:00+00:00
a1b2c3d4-e5f6-7890-abcd-ef1234567890,c8f406dc-3858-48d0-b885-019c657e2374,ef15d1dc-43b8-46ef-b8b0-914904d803da,member,2026-05-19T07:00:00+00:00
a1b2c3d4-e5f6-7890-abcd-ef1234567890,c8f406dc-3858-48d0-b885-019c657e2374,dbe8e7d8-72da-4b5e-97bd-56dbe3608728,member,2026-05-19T07:00:00+00:00
a1b2c3d4-e5f6-7890-abcd-ef1234567890,c8f406dc-3858-48d0-b885-019c657e2374,19efc06f-bb69-403b-bfd8-8a2a54d7da38,member,2026-05-19T07:00:00+00:00
a1b2c3d4-e5f6-7890-abcd-ef1234567890,c8f406dc-3858-48d0-b885-019c657e2374,3ff356fd-c950-457c-af37-eada56bf9acd,member,2026-05-19T07:00:00+00:00
a1b2c3d4-e5f6-7890-abcd-ef1234567890,c8f406dc-3858-48d0-b885-019c657e2374,f8eaaff3-078f-4d23-a1d2-1bb07f5a481c,member,2026-05-19T07:00:00+00:00
a1b2c3d4-e5f6-7890-abcd-ef1234567890,c8f406dc-3858-48d0-b885-019c657e2374,fe2c88c9-a74b-4609-b5fe-4dfd577889bc,member,2026-05-19T07:00:00+00:00
a1b2c3d4-e5f6-7890-abcd-ef1234567890,c8f406dc-3858-48d0-b885-019c657e2374,0a366415-6f7e-4e35-b516-037aabee2be1,member,2026-05-19T07:00:00+00:00
a1b2c3d4-e5f6-7890-abcd-ef1234567890,c8f406dc-3858-48d0-b885-019c657e2374,3a840020-b76b-41d8-9f1f-4a3123b97b3b,member,2026-05-19T07:00:00+00:00
a1b2c3d4-e5f6-7890-abcd-ef1234567890,c8f406dc-3858-48d0-b885-019c657e2374,5ccb3b28-8f6f-4e68-8e8e-78272b27bc11,member,2026-05-19T07:00:00+00:00
a1b2c3d4-e5f6-7890-abcd-ef1234567890,c8f406dc-3858-48d0-b885-019c657e2374,8d7fcb8f-09e5-4d98-9200-a7de81d25f43,member,2026-05-19T07:00:00+00:00
a1b2c3d4-e5f6-7890-abcd-ef1234567890,c8f406dc-3858-48d0-b885-019c657e2374,6cf183cb-94c3-451b-b371-ae08f3256fab,member,2026-05-19T07:00:00+00:00
a1b2c3d4-e5f6-7890-abcd-ef1234567890,c8f406dc-3858-48d0-b885-019c657e2374,7a5315e2-0e66-4964-8a5d-bc745c99f556,member,2026-05-19T07:00:00+00:00
a1b2c3d4-e5f6-7890-abcd-ef1234567890,c8f406dc-3858-48d0-b885-019c657e2374,41ab72c7-859a-4446-8515-170c26796ba8,member,2026-05-19T07:00:00+00:00
a1b2c3d4-e5f6-7890-abcd-ef1234567890,c8f406dc-3858-48d0-b885-019c657e2374,bdd8f762-8186-4ce0-a34b-6d379f0615c1,member,2026-05-19T07:00:00+00:00
a1b2c3d4-e5f6-7890-abcd-ef1234567890,c8f406dc-3858-48d0-b885-019c657e2374,2a9987f2-6247-4d19-b27d-09cd7344a1aa,member,2026-05-19T07:00:00+00:00
a1b2c3d4-e5f6-7890-abcd-ef1234567890,c8f406dc-3858-48d0-b885-019c657e2374,fa704cfa-a9b8-4dcc-afde-6813aa4a18bc,member,2026-05-19T07:00:00+00:00
a1b2c3d4-e5f6-7890-abcd-ef1234567890,c8f406dc-3858-48d0-b885-019c657e2374,f0416d9c-19e2-4823-9b47-4a2e8ca6807a,member,2026-05-19T07:00:00+00:00
a1b2c3d4-e5f6-7890-abcd-ef1234567890,c8f406dc-3858-48d0-b885-019c657e2374,cf1b1f77-e7de-4527-bb17-be23ba7abea0,member,2026-05-19T07:00:00+00:00
a1b2c3d4-e5f6-7890-abcd-ef1234567890,c8f406dc-3858-48d0-b885-019c657e2374,f6784416-a1e0-40e9-8ea4-ee931f9cf685,member,2026-05-19T07:00:00+00:00
a1b2c3d4-e5f6-7890-abcd-ef1234567890,c8f406dc-3858-48d0-b885-019c657e2374,cf0bc93d-3ba5-4e9f-a207-44ab60ff135c,member,2026-05-19T07:00:00+00:00
a1b2c3d4-e5f6-7890-abcd-ef1234567890,c8f406dc-3858-48d0-b885-019c657e2374,88af5e3a-739d-4390-8b96-38c329eabe67,member,2026-05-19T07:00:00+00:00
a1b2c3d4-e5f6-7890-abcd-ef1234567890,c8f406dc-3858-48d0-b885-019c657e2374,849337f3-3679-431d-a3f1-2ec2871cdabc,member,2026-05-19T07:00:00+00:00
a1b2c3d4-e5f6-7890-abcd-ef1234567890,c8f406dc-3858-48d0-b885-019c657e2374,43ecaba3-87b9-4a33-ae87-04730c80670f,member,2026-05-19T07:00:00+00:00
a1b2c3d4-e5f6-7890-abcd-ef1234567890,c8f406dc-3858-48d0-b885-019c657e2374,6877f953-d298-46cf-bc28-72ea81186c65,member,2026-05-19T07:00:00+00:00
a1b2c3d4-e5f6-7890-abcd-ef1234567890,c8f406dc-3858-48d0-b885-019c657e2374,93dd030b-b11a-42f4-85d1-dfb406855663,member,2026-05-19T07:00:00+00:00
a1b2c3d4-e5f6-7890-abcd-ef1234567890,c8f406dc-3858-48d0-b885-019c657e2374,130d1e74-6aa0-4f30-8b27-5b2aebfe0494,member,2026-05-19T07:00:00+00:00
a1b2c3d4-e5f6-7890-abcd-ef1234567890,c8f406dc-3858-48d0-b885-019c657e2374,51d30465-5e76-443a-8a46-750c4b09c271,member,2026-05-19T07:00:00+00:00
a1b2c3d4-e5f6-7890-abcd-ef1234567890,c8f406dc-3858-48d0-b885-019c657e2374,e5c3f573-fd87-431a-b39b-8c0ae029c204,member,2026-05-19T07:00:00+00:00
a1b2c3d4-e5f6-7890-abcd-ef1234567890,c8f406dc-3858-48d0-b885-019c657e2374,f8b62f7d-6098-4e06-a7ee-82bd21ed7403,member,2026-05-19T07:00:00+00:00
a1b2c3d4-e5f6-7890-abcd-ef1234567890,c8f406dc-3858-48d0-b885-019c657e2374,7f6c689f-ff58-44b6-a3c6-23f44588370f,member,2026-05-19T07:00:00+00:00
a1b2c3d4-e5f6-7890-abcd-ef1234567890,c8f406dc-3858-48d0-b885-019c657e2374,3f60c38c-fe83-4c1d-8b00-60357a2220fa,member,2026-05-19T07:00:00+00:00
a1b2c3d4-e5f6-7890-abcd-ef1234567890,c8f406dc-3858-48d0-b885-019c657e2374,653548ea-9a9f-465f-ac59-758273d1bfd5,member,2026-05-19T07:00:00+00:00
a1b2c3d4-e5f6-7890-abcd-ef1234567890,c8f406dc-3858-48d0-b885-019c657e2374,11c2f514-5f04-4cad-8aaa-ef139c1aed55,member,2026-05-19T07:00:00+00:00
a1b2c3d4-e5f6-7890-abcd-ef1234567890,c8f406dc-3858-48d0-b885-019c657e2374,02a5e59a-26df-4068-aaf0-7f503ae460c6,member,2026-05-19T07:00:00+00:00
a1b2c3d4-e5f6-7890-abcd-ef1234567890,c8f406dc-3858-48d0-b885-019c657e2374,88abea64-367a-4cdb-9c15-257cab72067d,member,2026-05-19T07:00:00+00:00
a1b2c3d4-e5f6-7890-abcd-ef1234567890,c8f406dc-3858-48d0-b885-019c657e2374,fe144120-a371-49db-bdad-f37725f98906,member,2026-05-19T07:00:00+00:00
a1b2c3d4-e5f6-7890-abcd-ef1234567890,c8f406dc-3858-48d0-b885-019c657e2374,abe4bdce-2e7e-4724-a7d4-632f78a2f848,member,2026-05-19T07:00:00+00:00
a1b2c3d4-e5f6-7890-abcd-ef1234567890,c8f406dc-3858-48d0-b885-019c657e2374,3bf7f09a-3a20-469a-9e8b-925a842d5617,member,2026-05-19T07:00:00+00:00
a1b2c3d4-e5f6-7890-abcd-ef1234567890,c8f406dc-3858-48d0-b885-019c657e2374,cc9ada5a-8c8c-445e-9027-1328b6f50a7a,member,2026-05-19T07:00:00+00:00
a1b2c3d4-e5f6-7890-abcd-ef1234567890,c8f406dc-3858-48d0-b885-019c657e2374,78aec37a-faa8-4d9c-b2c3-442ebc14ad70,member,2026-05-19T07:00:00+00:00
a1b2c3d4-e5f6-7890-abcd-ef1234567890,c8f406dc-3858-48d0-b885-019c657e2374,1fe8606b-a945-4853-828b-82842563fa31,member,2026-05-19T07:00:00+00:00
a1b2c3d4-e5f6-7890-abcd-ef1234567890,c8f406dc-3858-48d0-b885-019c657e2374,a4ef6a61-41b8-47b9-ad92-3b8845c6ef49,member,2026-05-19T07:00:00+00:00
a1b2c3d4-e5f6-7890-abcd-ef1234567890,c8f406dc-3858-48d0-b885-019c657e2374,868b06e4-46ba-49a1-8902-fbb0627a219a,member,2026-05-19T07:00:00+00:00
a1b2c3d4-e5f6-7890-abcd-ef1234567890,c8f406dc-3858-48d0-b885-019c657e2374,bfc2186b-fadd-4e4d-979f-408f7de73f5b,member,2026-05-19T07:00:00+00:00
a1b2c3d4-e5f6-7890-abcd-ef1234567890,c8f406dc-3858-48d0-b885-019c657e2374,c978bb16-9bbc-4afb-99b9-8730e264ff98,member,2026-05-19T07:00:00+00:00
a1b2c3d4-e5f6-7890-abcd-ef1234567890,c8f406dc-3858-48d0-b885-019c657e2374,8a2b60fe-1943-46d2-913e-f950efa2c425,member,2026-05-19T07:00:00+00:00
a1b2c3d4-e5f6-7890-abcd-ef1234567890,c8f406dc-3858-48d0-b885-019c657e2374,1eba140d-0138-4b07-82e5-9480cba0819f,member,2026-05-19T07:00:00+00:00
a1b2c3d4-e5f6-7890-abcd-ef1234567890,c8f406dc-3858-48d0-b885-019c657e2374,a924c995-54c8-4303-a14e-1006599c4171,member,2026-05-19T07:00:00+00:00
a1b2c3d4-e5f6-7890-abcd-ef1234567890,c8f406dc-3858-48d0-b885-019c657e2374,50138186-c833-44b7-a712-3590fdc543e1,member,2026-05-19T07:00:00+00:00
a1b2c3d4-e5f6-7890-abcd-ef1234567890,c8f406dc-3858-48d0-b885-019c657e2374,a956349b-9cec-41a5-a2f1-3fb7ddfe5899,member,2026-05-19T07:00:00+00:00
a1b2c3d4-e5f6-7890-abcd-ef1234567890,c8f406dc-3858-48d0-b885-019c657e2374,341d93fc-e858-4b42-a475-4d659eaf1624,member,2026-05-19T07:00:00+00:00
a1b2c3d4-e5f6-7890-abcd-ef1234567890,c8f406dc-3858-48d0-b885-019c657e2374,d23cf707-6eb2-403b-a004-717a94328369,member,2026-05-19T07:00:00+00:00
a1b2c3d4-e5f6-7890-abcd-ef1234567890,c8f406dc-3858-48d0-b885-019c657e2374,1956c9af-b9e9-4aa7-8db7-637c6965e1ce,member,2026-05-19T07:00:00+00:00
a1b2c3d4-e5f6-7890-abcd-ef1234567890,c8f406dc-3858-48d0-b885-019c657e2374,af9ec7fd-4548-4e84-bb6a-2644b814a1c2,member,2026-05-19T07:00:00+00:00
a1b2c3d4-e5f6-7890-abcd-ef1234567890,c8f406dc-3858-48d0-b885-019c657e2374,c817eb32-14a7-4851-b8a6-b681aaf4a8c5,member,2026-05-19T07:00:00+00:00
a1b2c3d4-e5f6-7890-abcd-ef1234567890,c8f406dc-3858-48d0-b885-019c657e2374,a61ba7b5-2323-4100-998f-2d7e9cc681b4,member,2026-05-19T07:00:00+00:00
a1b2c3d4-e5f6-7890-abcd-ef1234567890,c8f406dc-3858-48d0-b885-019c657e2374,2fc99752-253f-4adc-bd18-24baf3303891,member,2026-05-19T07:00:00+00:00
a1b2c3d4-e5f6-7890-abcd-ef1234567890,c8f406dc-3858-48d0-b885-019c657e2374,be5c97ce-30da-44cc-aed2-f3c2f10b5d4c,member,2026-05-19T07:00:00+00:00
a1b2c3d4-e5f6-7890-abcd-ef1234567890,c8f406dc-3858-48d0-b885-019c657e2374,7de6fc8b-5bbc-45eb-9d8a-3457bd4f3c1d,member,2026-05-19T07:00:00+00:00
a1b2c3d4-e5f6-7890-abcd-ef1234567890,c8f406dc-3858-48d0-b885-019c657e2374,60287b7a-231b-4282-8b36-0214b330d8a3,member,2026-05-19T07:00:00+00:00
a1b2c3d4-e5f6-7890-abcd-ef1234567890,c8f406dc-3858-48d0-b885-019c657e2374,9faf6580-731b-4a0b-b157-a8b639646371,member,2026-05-19T07:00:00+00:00
a1b2c3d4-e5f6-7890-abcd-ef1234567890,c8f406dc-3858-48d0-b885-019c657e2374,24569ad7-9d9d-4a93-b8e4-527aaeb77d84,member,2026-05-19T07:00:00+00:00
a1b2c3d4-e5f6-7890-abcd-ef1234567890,c8f406dc-3858-48d0-b885-019c657e2374,2593d89d-3e80-4246-83d8-4db00502d660,member,2026-05-19T07:00:00+00:00
a1b2c3d4-e5f6-7890-abcd-ef1234567890,c8f406dc-3858-48d0-b885-019c657e2374,69e1b285-4629-4b66-908e-86c60a628cd0,member,2026-05-19T07:00:00+00:00
a1b2c3d4-e5f6-7890-abcd-ef1234567890,c8f406dc-3858-48d0-b885-019c657e2374,531ebf9b-7612-474b-b468-7d77024181c7,member,2026-05-19T07:00:00+00:00
a1b2c3d4-e5f6-7890-abcd-ef1234567890,c8f406dc-3858-48d0-b885-019c657e2374,af5d451a-6182-4215-8369-77aa6756033f,member,2026-05-19T07:00:00+00:00
a1b2c3d4-e5f6-7890-abcd-ef1234567890,c8f406dc-3858-48d0-b885-019c657e2374,dd71026f-9b78-4ae3-95c0-8f7449f2c99c,member,2026-05-19T07:00:00+00:00
a1b2c3d4-e5f6-7890-abcd-ef1234567890,c8f406dc-3858-48d0-b885-019c657e2374,c5476e33-730f-451c-8860-02872668b34c,member,2026-05-19T07:00:00+00:00
a1b2c3d4-e5f6-7890-abcd-ef1234567890,c8f406dc-3858-48d0-b885-019c657e2374,bcba1dbd-d164-4c19-ac37-9c2b3dc31775,member,2026-05-19T07:00:00+00:00
a1b2c3d4-e5f6-7890-abcd-ef1234567890,c8f406dc-3858-48d0-b885-019c657e2374,22d3c633-172b-404d-8263-fbfce67343a7,member,2026-05-19T07:00:00+00:00
a1b2c3d4-e5f6-7890-abcd-ef1234567890,c8f406dc-3858-48d0-b885-019c657e2374,b05e9265-e851-47a0-bbfe-17cacb25ccd8,member,2026-05-19T07:00:00+00:00
a1b2c3d4-e5f6-7890-abcd-ef1234567890,c8f406dc-3858-48d0-b885-019c657e2374,5a4bc483-7e6c-4e0e-827d-14690d0f0e96,member,2026-05-19T07:00:00+00:00
a1b2c3d4-e5f6-7890-abcd-ef1234567890,c8f406dc-3858-48d0-b885-019c657e2374,16873ac4-dac7-442b-8995-0c92c7632437,member,2026-05-19T07:00:00+00:00
a1b2c3d4-e5f6-7890-abcd-ef1234567890,c8f406dc-3858-48d0-b885-019c657e2374,f0b2834f-fe5a-480b-b875-61c9b08f2f56,member,2026-05-19T07:00:00+00:00
a1b2c3d4-e5f6-7890-abcd-ef1234567890,c8f406dc-3858-48d0-b885-019c657e2374,6184b430-9420-48dc-b675-0bfb20edbf2d,member,2026-05-19T07:00:00+00:00
a1b2c3d4-e5f6-7890-abcd-ef1234567890,c8f406dc-3858-48d0-b885-019c657e2374,ee1bf0d4-b84c-444c-940c-eac352df6eed,member,2026-05-19T07:00:00+00:00
a1b2c3d4-e5f6-7890-abcd-ef1234567890,c8f406dc-3858-48d0-b885-019c657e2374,f2d7c275-ff98-4986-bdff-d4aa44512a29,member,2026-05-19T07:00:00+00:00
a1b2c3d4-e5f6-7890-abcd-ef1234567890,c8f406dc-3858-48d0-b885-019c657e2374,bd79b1cf-7ef8-43bb-9c97-94ef47f5bae7,member,2026-05-19T07:00:00+00:00
a1b2c3d4-e5f6-7890-abcd-ef1234567890,c8f406dc-3858-48d0-b885-019c657e2374,b5c09d5f-8b4a-417c-9e71-80cf7df5f302,member,2026-05-19T07:00:00+00:00
a1b2c3d4-e5f6-7890-abcd-ef1234567890,c8f406dc-3858-48d0-b885-019c657e2374,bc4c946e-b219-4f32-a734-46a8ee3cdf12,member,2026-05-19T07:00:00+00:00
a1b2c3d4-e5f6-7890-abcd-ef1234567890,c8f406dc-3858-48d0-b885-019c657e2374,caf6dd57-e082-4652-9e73-3a94f1fa1eb5,member,2026-05-19T07:00:00+00:00
a1b2c3d4-e5f6-7890-abcd-ef1234567890,c8f406dc-3858-48d0-b885-019c657e2374,a47939b7-651d-45dd-99fd-86184216d8ad,member,2026-05-19T07:00:00+00:00
a1b2c3d4-e5f6-7890-abcd-ef1234567890,c8f406dc-3858-48d0-b885-019c657e2374,e0d2ebe1-9a98-485d-8b70-bee64d5bbdb7,member,2026-05-19T07:00:00+00:00
a1b2c3d4-e5f6-7890-abcd-ef1234567890,c8f406dc-3858-48d0-b885-019c657e2374,51ada687-034a-4825-8e9a-91b40268cc85,member,2026-05-19T07:00:00+00:00
a1b2c3d4-e5f6-7890-abcd-ef1234567890,c8f406dc-3858-48d0-b885-019c657e2374,b813c598-a673-44e5-8738-72aaff15b6e3,member,2026-05-19T07:00:00+00:00
a1b2c3d4-e5f6-7890-abcd-ef1234567890,c8f406dc-3858-48d0-b885-019c657e2374,970a833a-d77b-4052-8de5-bed819f0ed4d,member,2026-05-19T07:00:00+00:00
a1b2c3d4-e5f6-7890-abcd-ef1234567890,c8f406dc-3858-48d0-b885-019c657e2374,bf9466d6-4930-476e-a41e-9acfc186c63b,member,2026-05-19T07:00:00+00:00
a1b2c3d4-e5f6-7890-abcd-ef1234567890,c8f406dc-3858-48d0-b885-019c657e2374,b454f23c-49d9-4578-98f5-e75b52f0fba7,member,2026-05-19T07:00:00+00:00
a1b2c3d4-e5f6-7890-abcd-ef1234567890,c8f406dc-3858-48d0-b885-019c657e2374,1706287f-2512-4a5e-900d-6c423d1bddef,member,2026-05-19T07:00:00+00:00
a1b2c3d4-e5f6-7890-abcd-ef1234567890,c8f406dc-3858-48d0-b885-019c657e2374,ecb7d47a-9dce-45d2-9dbb-9cec173a5cdc,member,2026-05-19T07:00:00+00:00
a1b2c3d4-e5f6-7890-abcd-ef1234567890,c8f406dc-3858-48d0-b885-019c657e2374,7fe2df4b-3e9e-4d44-bbad-c7a861058b2c,member,2026-05-19T07:00:00+00:00
a1b2c3d4-e5f6-7890-abcd-ef1234567890,c8f406dc-3858-48d0-b885-019c657e2374,0d516acf-8e6c-4821-b815-f79496dcecae,member,2026-05-19T07:00:00+00:00
a1b2c3d4-e5f6-7890-abcd-ef1234567890,c8f406dc-3858-48d0-b885-019c657e2374,34d93d49-4b4f-4e45-9e8e-fc3c9252825c,member,2026-05-19T07:00:00+00:00
a1b2c3d4-e5f6-7890-abcd-ef1234567890,c8f406dc-3858-48d0-b885-019c657e2374,ab71bc45-4df1-4f74-abfc-6246d4084015,member,2026-05-19T07:00:00+00:00
a1b2c3d4-e5f6-7890-abcd-ef1234567890,c8f406dc-3858-48d0-b885-019c657e2374,e1f97397-e1a3-4ceb-a0b9-3c653a56df00,member,2026-05-19T07:00:00+00:00
a1b2c3d4-e5f6-7890-abcd-ef1234567890,c8f406dc-3858-48d0-b885-019c657e2374,2f11570f-61b5-4039-b9ed-6d310b9d2d70,member,2026-05-19T07:00:00+00:00
a1b2c3d4-e5f6-7890-abcd-ef1234567890,c8f406dc-3858-48d0-b885-019c657e2374,53560c3a-6d92-495a-b76f-517151c3ec65,member,2026-05-19T07:00:00+00:00
a1b2c3d4-e5f6-7890-abcd-ef1234567890,c8f406dc-3858-48d0-b885-019c657e2374,d4c17da4-35da-4ce7-bcdb-d264b330f5a1,member,2026-05-19T07:00:00+00:00
a1b2c3d4-e5f6-7890-abcd-ef1234567890,c8f406dc-3858-48d0-b885-019c657e2374,1d3eded8-b45f-4724-8360-f8b9e71469f0,member,2026-05-19T07:00:00+00:00
a1b2c3d4-e5f6-7890-abcd-ef1234567890,c8f406dc-3858-48d0-b885-019c657e2374,9a912ff0-626c-4b12-915e-8d8746ec42ea,member,2026-05-19T07:00:00+00:00
a1b2c3d4-e5f6-7890-abcd-ef1234567890,c8f406dc-3858-48d0-b885-019c657e2374,38962967-387a-445a-aa47-33fd2d1d96a4,member,2026-05-19T07:00:00+00:00
a1b2c3d4-e5f6-7890-abcd-ef1234567890,c8f406dc-3858-48d0-b885-019c657e2374,b220d55e-3b3e-4324-8f5a-60acd66e3fb1,member,2026-05-19T07:00:00+00:00
a1b2c3d4-e5f6-7890-abcd-ef1234567890,c8f406dc-3858-48d0-b885-019c657e2374,fe1d4556-ec33-40c5-a44f-e6007c7841dc,member,2026-05-19T07:00:00+00:00
a1b2c3d4-e5f6-7890-abcd-ef1234567890,c8f406dc-3858-48d0-b885-019c657e2374,5707d4c2-1613-4837-908f-e883fe4a737d,member,2026-05-19T07:00:00+00:00
a1b2c3d4-e5f6-7890-abcd-ef1234567890,c8f406dc-3858-48d0-b885-019c657e2374,afba90b0-61ca-4be6-848d-fce5300abcb3,member,2026-05-19T07:00:00+00:00
a1b2c3d4-e5f6-7890-abcd-ef1234567890,c8f406dc-3858-48d0-b885-019c657e2374,4264369b-83a8-49b0-a393-6499d69fa9f6,member,2026-05-19T07:00:00+00:00
a1b2c3d4-e5f6-7890-abcd-ef1234567890,c8f406dc-3858-48d0-b885-019c657e2374,b78eec66-0b25-462c-8270-7e5699ed3a4c,member,2026-05-19T07:00:00+00:00
a1b2c3d4-e5f6-7890-abcd-ef1234567890,c8f406dc-3858-48d0-b885-019c657e2374,ebc325a4-3b5f-4828-95a6-c71cacd1d403,member,2026-05-19T07:00:00+00:00
a1b2c3d4-e5f6-7890-abcd-ef1234567890,c8f406dc-3858-48d0-b885-019c657e2374,8cb40465-f79d-486a-9450-973852852d4b,member,2026-05-19T07:00:00+00:00
a1b2c3d4-e5f6-7890-abcd-ef1234567890,c8f406dc-3858-48d0-b885-019c657e2374,0276f701-5e6e-4a31-a9d4-1508d62ef2c5,member,2026-05-19T07:00:00+00:00
a1b2c3d4-e5f6-7890-abcd-ef1234567890,c8f406dc-3858-48d0-b885-019c657e2374,fb4ba5aa-0d86-4e5b-937e-183c4989f3e0,member,2026-05-19T07:00:00+00:00
a1b2c3d4-e5f6-7890-abcd-ef1234567890,c8f406dc-3858-48d0-b885-019c657e2374,f2658a8c-5c29-4ff8-b9f4-6c6ec34b83f5,member,2026-05-19T07:00:00+00:00
a1b2c3d4-e5f6-7890-abcd-ef1234567890,c8f406dc-3858-48d0-b885-019c657e2374,91f072ef-82d5-4d76-834c-3ac56e21cfa9,member,2026-05-19T07:00:00+00:00
a1b2c3d4-e5f6-7890-abcd-ef1234567890,c8f406dc-3858-48d0-b885-019c657e2374,de6341b0-6040-4525-9141-0cab01538b81,member,2026-05-19T07:00:00+00:00
a1b2c3d4-e5f6-7890-abcd-ef1234567890,c8f406dc-3858-48d0-b885-019c657e2374,dff70991-5065-4137-bc8e-00572f4417fe,member,2026-05-19T07:00:00+00:00
a1b2c3d4-e5f6-7890-abcd-ef1234567890,c8f406dc-3858-48d0-b885-019c657e2374,f81c31a1-854a-4973-b25b-d20a3a36291a,member,2026-05-19T07:00:00+00:00
a1b2c3d4-e5f6-7890-abcd-ef1234567890,c8f406dc-3858-48d0-b885-019c657e2374,3dda82b8-1fd9-45a3-aaa7-29f48fbcc07f,member,2026-05-19T07:00:00+00:00
a1b2c3d4-e5f6-7890-abcd-ef1234567890,c8f406dc-3858-48d0-b885-019c657e2374,83e33415-ef70-44e3-a789-5f908b781756,member,2026-05-19T07:00:00+00:00
a1b2c3d4-e5f6-7890-abcd-ef1234567890,c8f406dc-3858-48d0-b885-019c657e2374,8717aa78-59fe-4121-a9b1-af48ad244ca0,member,2026-05-19T07:00:00+00:00
a1b2c3d4-e5f6-7890-abcd-ef1234567890,c8f406dc-3858-48d0-b885-019c657e2374,d0f1a8d3-88a3-49a9-ba69-b11e75daa081,member,2026-05-19T07:00:00+00:00
a1b2c3d4-e5f6-7890-abcd-ef1234567890,c8f406dc-3858-48d0-b885-019c657e2374,0762214f-7b7e-4e0b-9a20-bf9c284a7beb,member,2026-05-19T07:00:00+00:00
a1b2c3d4-e5f6-7890-abcd-ef1234567890,c8f406dc-3858-48d0-b885-019c657e2374,1d0704be-7422-4731-9522-8b9e316e565d,member,2026-05-19T07:00:00+00:00
a1b2c3d4-e5f6-7890-abcd-ef1234567890,c8f406dc-3858-48d0-b885-019c657e2374,bc49467e-902d-45a0-bd72-044d423cb67a,member,2026-05-19T07:00:00+00:00
a1b2c3d4-e5f6-7890-abcd-ef1234567890,c8f406dc-3858-48d0-b885-019c657e2374,def569f0-bc15-4443-9055-f11d868eeb38,member,2026-05-19T07:00:00+00:00
a1b2c3d4-e5f6-7890-abcd-ef1234567890,c8f406dc-3858-48d0-b885-019c657e2374,d6257b06-1051-443d-b57e-62d090d7f698,member,2026-05-19T07:00:00+00:00
a1b2c3d4-e5f6-7890-abcd-ef1234567890,c8f406dc-3858-48d0-b885-019c657e2374,b03172fa-6696-444e-8d1b-78dafbb29fc0,member,2026-05-19T07:00:00+00:00
a1b2c3d4-e5f6-7890-abcd-ef1234567890,c8f406dc-3858-48d0-b885-019c657e2374,067a5a10-4969-4438-8c09-8e3918ec7d7b,member,2026-05-19T07:00:00+00:00
a1b2c3d4-e5f6-7890-abcd-ef1234567890,c8f406dc-3858-48d0-b885-019c657e2374,911d38b2-57f5-4f6b-97c8-17a7205336df,member,2026-05-19T07:00:00+00:00
a1b2c3d4-e5f6-7890-abcd-ef1234567890,c8f406dc-3858-48d0-b885-019c657e2374,f8f1286a-e039-4151-a30a-16d19af6bb81,member,2026-05-19T07:00:00+00:00
a1b2c3d4-e5f6-7890-abcd-ef1234567890,c8f406dc-3858-48d0-b885-019c657e2374,fb3ec460-6148-4a19-a3a1-8f79d5cea976,member,2026-05-19T07:00:00+00:00
a1b2c3d4-e5f6-7890-abcd-ef1234567890,c8f406dc-3858-48d0-b885-019c657e2374,b984bdef-12b6-45e7-a16c-654863aa1c6c,member,2026-05-19T07:00:00+00:00
a1b2c3d4-e5f6-7890-abcd-ef1234567890,c8f406dc-3858-48d0-b885-019c657e2374,7933fa66-88d0-49d3-a8c7-366187a98ca2,member,2026-05-19T07:00:00+00:00
a1b2c3d4-e5f6-7890-abcd-ef1234567890,c8f406dc-3858-48d0-b885-019c657e2374,dcb08680-54bb-4ddc-91b2-7032cd31e587,member,2026-05-19T07:00:00+00:00
a1b2c3d4-e5f6-7890-abcd-ef1234567890,c8f406dc-3858-48d0-b885-019c657e2374,91c1689a-9303-4468-baf8-46eafb1afc07,member,2026-05-19T07:00:00+00:00
a1b2c3d4-e5f6-7890-abcd-ef1234567890,c8f406dc-3858-48d0-b885-019c657e2374,0b340664-e859-4749-85c4-09cd145daa8b,member,2026-05-19T07:00:00+00:00
a1b2c3d4-e5f6-7890-abcd-ef1234567890,c8f406dc-3858-48d0-b885-019c657e2374,71b303f4-b109-4d11-babf-c72b344d4849,member,2026-05-19T07:00:00+00:00
a1b2c3d4-e5f6-7890-abcd-ef1234567890,c8f406dc-3858-48d0-b885-019c657e2374,0cb4099a-5344-49b1-95c7-a5606cd19cf3,member,2026-05-19T07:00:00+00:00
a1b2c3d4-e5f6-7890-abcd-ef1234567890,c8f406dc-3858-48d0-b885-019c657e2374,02cc9883-a504-496d-a825-3202cb8b25b0,member,2026-05-19T07:00:00+00:00
a1b2c3d4-e5f6-7890-abcd-ef1234567890,c8f406dc-3858-48d0-b885-019c657e2374,3cc063cf-003c-4e34-bab5-53a6eb4d7e91,member,2026-05-19T07:00:00+00:00
a1b2c3d4-e5f6-7890-abcd-ef1234567890,c8f406dc-3858-48d0-b885-019c657e2374,013d10fe-cf72-4913-b40e-eb8b8cdbee7e,member,2026-05-19T07:00:00+00:00
a1b2c3d4-e5f6-7890-abcd-ef1234567890,c8f406dc-3858-48d0-b885-019c657e2374,6ba2b133-6958-4a04-80a9-e42281230330,member,2026-05-19T07:00:00+00:00
a1b2c3d4-e5f6-7890-abcd-ef1234567890,c8f406dc-3858-48d0-b885-019c657e2374,67d031f5-bd7e-4084-8c09-146e704d95fd,member,2026-05-19T07:00:00+00:00
a1b2c3d4-e5f6-7890-abcd-ef1234567890,c8f406dc-3858-48d0-b885-019c657e2374,cae0d849-0614-467b-a20b-60bc7e7b7502,member,2026-05-19T07:00:00+00:00
a1b2c3d4-e5f6-7890-abcd-ef1234567890,c8f406dc-3858-48d0-b885-019c657e2374,4f21f29e-23f1-4330-87af-59cba4cb150a,member,2026-05-19T07:00:00+00:00
a1b2c3d4-e5f6-7890-abcd-ef1234567890,c8f406dc-3858-48d0-b885-019c657e2374,27a0beec-83f5-4fc2-a1df-4181a7c26d25,member,2026-05-19T07:00:00+00:00
a1b2c3d4-e5f6-7890-abcd-ef1234567890,c8f406dc-3858-48d0-b885-019c657e2374,2f7be17f-e080-4d72-a547-1ff30faadd14,member,2026-05-19T07:00:00+00:00
a1b2c3d4-e5f6-7890-abcd-ef1234567890,c8f406dc-3858-48d0-b885-019c657e2374,87c6b7b0-3404-4f41-ba8a-49c377c09a4e,member,2026-05-19T07:00:00+00:00
a1b2c3d4-e5f6-7890-abcd-ef1234567890,c8f406dc-3858-48d0-b885-019c657e2374,2a4939d4-32d0-4008-bbeb-b1eb2cfb0da1,member,2026-05-19T07:00:00+00:00
a1b2c3d4-e5f6-7890-abcd-ef1234567890,c8f406dc-3858-48d0-b885-019c657e2374,f7b30e73-e697-4af1-91b9-120993014e96,member,2026-05-19T07:00:00+00:00
a1b2c3d4-e5f6-7890-abcd-ef1234567890,c8f406dc-3858-48d0-b885-019c657e2374,9570fac7-0cba-49e7-b3fc-ad078e21f2d2,member,2026-05-19T07:00:00+00:00
a1b2c3d4-e5f6-7890-abcd-ef1234567890,c8f406dc-3858-48d0-b885-019c657e2374,43d11e3f-6514-4408-b523-88a8c29ffbe4,member,2026-05-19T07:00:00+00:00
a1b2c3d4-e5f6-7890-abcd-ef1234567890,c8f406dc-3858-48d0-b885-019c657e2374,4ffb14c1-dfe0-4aa7-8dd1-12d410d0278f,member,2026-05-19T07:00:00+00:00
a1b2c3d4-e5f6-7890-abcd-ef1234567890,c8f406dc-3858-48d0-b885-019c657e2374,04066908-4730-412c-b3e0-25348f74b493,member,2026-05-19T07:00:00+00:00
a1b2c3d4-e5f6-7890-abcd-ef1234567890,c8f406dc-3858-48d0-b885-019c657e2374,ee9bdfe4-116c-4a32-9447-e742ea0f2b21,member,2026-05-19T07:00:00+00:00
a1b2c3d4-e5f6-7890-abcd-ef1234567890,c8f406dc-3858-48d0-b885-019c657e2374,d65d2b58-e92a-4e7b-8acd-d4c6883cf467,member,2026-05-19T07:00:00+00:00
a1b2c3d4-e5f6-7890-abcd-ef1234567890,c8f406dc-3858-48d0-b885-019c657e2374,03b6063e-a06a-479d-a44c-e2f05faf69b6,member,2026-05-19T07:00:00+00:00
a1b2c3d4-e5f6-7890-abcd-ef1234567890,c8f406dc-3858-48d0-b885-019c657e2374,a3c590df-405d-4e58-9ab2-ade26c793c38,member,2026-05-19T07:00:00+00:00
a1b2c3d4-e5f6-7890-abcd-ef1234567890,c8f406dc-3858-48d0-b885-019c657e2374,daea8276-90dc-4692-b53c-0410ff60d461,member,2026-05-19T07:00:00+00:00
a1b2c3d4-e5f6-7890-abcd-ef1234567890,c8f406dc-3858-48d0-b885-019c657e2374,f6095465-3af9-4232-b449-44fa2db36530,member,2026-05-19T07:00:00+00:00
a1b2c3d4-e5f6-7890-abcd-ef1234567890,c8f406dc-3858-48d0-b885-019c657e2374,61d6c08e-4735-4316-875c-df2547940ab9,member,2026-05-19T07:00:00+00:00
a1b2c3d4-e5f6-7890-abcd-ef1234567890,c8f406dc-3858-48d0-b885-019c657e2374,9876d139-fed7-495b-bd4a-482caee4c134,member,2026-05-19T07:00:00+00:00
a1b2c3d4-e5f6-7890-abcd-ef1234567890,c8f406dc-3858-48d0-b885-019c657e2374,be34332f-05cb-43f1-8c09-86b1154726ba,member,2026-05-19T07:00:00+00:00
a1b2c3d4-e5f6-7890-abcd-ef1234567890,c8f406dc-3858-48d0-b885-019c657e2374,191223d2-c4bf-4ae8-8ed1-b6cb4beaf4d3,member,2026-05-19T07:00:00+00:00
a1b2c3d4-e5f6-7890-abcd-ef1234567890,c8f406dc-3858-48d0-b885-019c657e2374,feb786f5-29f7-45f7-917c-f8b0409af318,member,2026-05-19T07:00:00+00:00
a1b2c3d4-e5f6-7890-abcd-ef1234567890,c8f406dc-3858-48d0-b885-019c657e2374,b112047e-3f69-462a-a84a-d7b347970d10,member,2026-05-19T07:00:00+00:00
a1b2c3d4-e5f6-7890-abcd-ef1234567890,c8f406dc-3858-48d0-b885-019c657e2374,e85d61b8-57c1-46c9-baed-1d4922269ee2,member,2026-05-19T07:00:00+00:00
a1b2c3d4-e5f6-7890-abcd-ef1234567890,c8f406dc-3858-48d0-b885-019c657e2374,070b9358-0a16-4578-90a4-6752ee4e789e,member,2026-05-19T07:00:00+00:00
a1b2c3d4-e5f6-7890-abcd-ef1234567890,c8f406dc-3858-48d0-b885-019c657e2374,e243273a-b9a4-48cc-9f83-4a1a2e8bdc0f,member,2026-05-19T07:00:00+00:00
a1b2c3d4-e5f6-7890-abcd-ef1234567890,c8f406dc-3858-48d0-b885-019c657e2374,b966bb5e-3881-4c34-81e5-071602b35f23,member,2026-05-19T07:00:00+00:00
a1b2c3d4-e5f6-7890-abcd-ef1234567890,c8f406dc-3858-48d0-b885-019c657e2374,9c3546d9-4147-4434-a27c-daada20ad9d2,member,2026-05-19T07:00:00+00:00
a1b2c3d4-e5f6-7890-abcd-ef1234567890,c8f406dc-3858-48d0-b885-019c657e2374,8492c04a-cf30-46a2-aaba-13160ef4302b,member,2026-05-19T07:00:00+00:00
a1b2c3d4-e5f6-7890-abcd-ef1234567890,c8f406dc-3858-48d0-b885-019c657e2374,690558b4-3ab1-42fc-bd02-f116297cf118,member,2026-05-19T07:00:00+00:00
a1b2c3d4-e5f6-7890-abcd-ef1234567890,c8f406dc-3858-48d0-b885-019c657e2374,b97f81a4-9e2d-4414-ae6b-b19c1fa882c4,member,2026-05-19T07:00:00+00:00
a1b2c3d4-e5f6-7890-abcd-ef1234567890,c8f406dc-3858-48d0-b885-019c657e2374,88996754-08d9-4b36-9870-ac0252a827d9,member,2026-05-19T07:00:00+00:00
a1b2c3d4-e5f6-7890-abcd-ef1234567890,c8f406dc-3858-48d0-b885-019c657e2374,f88d7f67-3954-47aa-a198-9e944b792576,member,2026-05-19T07:00:00+00:00
a1b2c3d4-e5f6-7890-abcd-ef1234567890,c8f406dc-3858-48d0-b885-019c657e2374,48b3c700-4360-4e87-9cca-79ff92cae844,member,2026-05-19T07:00:00+00:00
a1b2c3d4-e5f6-7890-abcd-ef1234567890,c8f406dc-3858-48d0-b885-019c657e2374,6df6ba90-bb89-48ec-8bb0-8d918f61ec63,member,2026-05-19T07:00:00+00:00
a1b2c3d4-e5f6-7890-abcd-ef1234567890,c8f406dc-3858-48d0-b885-019c657e2374,f1ce1135-f4c0-4dae-abf8-2b6cf8e529ef,member,2026-05-19T07:00:00+00:00
a1b2c3d4-e5f6-7890-abcd-ef1234567890,c8f406dc-3858-48d0-b885-019c657e2374,1bad0377-dd1b-49c3-9b47-4857e3863df0,member,2026-05-19T07:00:00+00:00
a1b2c3d4-e5f6-7890-abcd-ef1234567890,c8f406dc-3858-48d0-b885-019c657e2374,68e661f7-9891-49af-bbd2-fcf1708a37cb,member,2026-05-19T07:00:00+00:00
a1b2c3d4-e5f6-7890-abcd-ef1234567890,c8f406dc-3858-48d0-b885-019c657e2374,66570992-c11e-4c7a-a081-814cce328f11,member,2026-05-19T07:00:00+00:00
a1b2c3d4-e5f6-7890-abcd-ef1234567890,c8f406dc-3858-48d0-b885-019c657e2374,43bebe41-d695-4f76-8622-500922efa8da,member,2026-05-19T07:00:00+00:00
a1b2c3d4-e5f6-7890-abcd-ef1234567890,c8f406dc-3858-48d0-b885-019c657e2374,957d87fd-f602-4913-816f-59ff4b3d9342,member,2026-05-19T07:00:00+00:00
a1b2c3d4-e5f6-7890-abcd-ef1234567890,c8f406dc-3858-48d0-b885-019c657e2374,28162f51-617d-4569-b3b3-6a66f7870528,member,2026-05-19T07:00:00+00:00
a1b2c3d4-e5f6-7890-abcd-ef1234567890,c8f406dc-3858-48d0-b885-019c657e2374,38e2f310-8aba-4348-b5dc-7241b72664e9,member,2026-05-19T07:00:00+00:00
a1b2c3d4-e5f6-7890-abcd-ef1234567890,c8f406dc-3858-48d0-b885-019c657e2374,3aee3dda-7562-48c1-8490-383d01225914,member,2026-05-19T07:00:00+00:00
a1b2c3d4-e5f6-7890-abcd-ef1234567890,c8f406dc-3858-48d0-b885-019c657e2374,faeea7f5-be2b-4a47-bf63-e912990bb2e6,member,2026-05-19T07:00:00+00:00
a1b2c3d4-e5f6-7890-abcd-ef1234567890,c8f406dc-3858-48d0-b885-019c657e2374,b2ddc118-c59d-4412-affe-bb99cc157347,member,2026-05-19T07:00:00+00:00
a1b2c3d4-e5f6-7890-abcd-ef1234567890,3af14a22-258e-4f2e-b8df-d0af93423eb6,8c09a9e7-9c7d-4627-ae0c-39544e99e681,member,2026-05-19T07:00:00+00:00
a1b2c3d4-e5f6-7890-abcd-ef1234567890,3af14a22-258e-4f2e-b8df-d0af93423eb6,1efd5ad3-d8c1-4664-9d23-0a344614295a,member,2026-05-19T07:00:00+00:00
a1b2c3d4-e5f6-7890-abcd-ef1234567890,3af14a22-258e-4f2e-b8df-d0af93423eb6,0f984f10-85b3-40d7-a63e-ae6be555b8ba,member,2026-05-19T07:00:00+00:00
a1b2c3d4-e5f6-7890-abcd-ef1234567890,3af14a22-258e-4f2e-b8df-d0af93423eb6,3b8132cf-8017-43f3-8139-4807fa7157f8,member,2026-05-19T07:00:00+00:00
a1b2c3d4-e5f6-7890-abcd-ef1234567890,3af14a22-258e-4f2e-b8df-d0af93423eb6,32563364-d3f9-454f-87dc-9e4a1945d3a1,member,2026-05-19T07:00:00+00:00
a1b2c3d4-e5f6-7890-abcd-ef1234567890,3af14a22-258e-4f2e-b8df-d0af93423eb6,1acd2ba4-51af-4f5f-a8ea-a34bd068db1b,member,2026-05-19T07:00:00+00:00
a1b2c3d4-e5f6-7890-abcd-ef1234567890,3af14a22-258e-4f2e-b8df-d0af93423eb6,283b527b-22d6-4352-8807-95f736b465d1,member,2026-05-19T07:00:00+00:00
a1b2c3d4-e5f6-7890-abcd-ef1234567890,3af14a22-258e-4f2e-b8df-d0af93423eb6,28f2f7ce-59db-49c2-a6e2-2dadb317d926,member,2026-05-19T07:00:00+00:00
a1b2c3d4-e5f6-7890-abcd-ef1234567890,3af14a22-258e-4f2e-b8df-d0af93423eb6,4c8a7868-6328-4aa0-9aaf-1f74c00b83cd,member,2026-05-19T07:00:00+00:00
a1b2c3d4-e5f6-7890-abcd-ef1234567890,3af14a22-258e-4f2e-b8df-d0af93423eb6,1fda4644-c4a6-4abd-b169-7d4a5e9f22eb,member,2026-05-19T07:00:00+00:00
a1b2c3d4-e5f6-7890-abcd-ef1234567890,3af14a22-258e-4f2e-b8df-d0af93423eb6,7230caef-974d-4412-ac70-8d62dbf66723,member,2026-05-19T07:00:00+00:00
a1b2c3d4-e5f6-7890-abcd-ef1234567890,3af14a22-258e-4f2e-b8df-d0af93423eb6,489057f4-72ac-45b4-b2f7-27b8093fab48,member,2026-05-19T07:00:00+00:00
a1b2c3d4-e5f6-7890-abcd-ef1234567890,3af14a22-258e-4f2e-b8df-d0af93423eb6,dce76b0e-46a6-48ef-b3b3-15e44e7b95f0,member,2026-05-19T07:00:00+00:00
a1b2c3d4-e5f6-7890-abcd-ef1234567890,3af14a22-258e-4f2e-b8df-d0af93423eb6,4a2b7158-9543-4d61-8668-8cb146d33f17,member,2026-05-19T07:00:00+00:00
a1b2c3d4-e5f6-7890-abcd-ef1234567890,3af14a22-258e-4f2e-b8df-d0af93423eb6,e5252f6a-a941-44c8-8aa1-a3fc13adcd7e,member,2026-05-19T07:00:00+00:00
a1b2c3d4-e5f6-7890-abcd-ef1234567890,3af14a22-258e-4f2e-b8df-d0af93423eb6,0bb83a97-6114-4feb-9ff6-7c8e2ed8666d,member,2026-05-19T07:00:00+00:00
a1b2c3d4-e5f6-7890-abcd-ef1234567890,3af14a22-258e-4f2e-b8df-d0af93423eb6,c1cc1139-4947-48e1-a47f-c3e7bbdd01f0,member,2026-05-19T07:00:00+00:00
a1b2c3d4-e5f6-7890-abcd-ef1234567890,3af14a22-258e-4f2e-b8df-d0af93423eb6,ef15d1dc-43b8-46ef-b8b0-914904d803da,member,2026-05-19T07:00:00+00:00
a1b2c3d4-e5f6-7890-abcd-ef1234567890,3af14a22-258e-4f2e-b8df-d0af93423eb6,dbe8e7d8-72da-4b5e-97bd-56dbe3608728,member,2026-05-19T07:00:00+00:00
a1b2c3d4-e5f6-7890-abcd-ef1234567890,3af14a22-258e-4f2e-b8df-d0af93423eb6,19efc06f-bb69-403b-bfd8-8a2a54d7da38,member,2026-05-19T07:00:00+00:00
a1b2c3d4-e5f6-7890-abcd-ef1234567890,3af14a22-258e-4f2e-b8df-d0af93423eb6,3ff356fd-c950-457c-af37-eada56bf9acd,member,2026-05-19T07:00:00+00:00
a1b2c3d4-e5f6-7890-abcd-ef1234567890,3af14a22-258e-4f2e-b8df-d0af93423eb6,f8eaaff3-078f-4d23-a1d2-1bb07f5a481c,member,2026-05-19T07:00:00+00:00
a1b2c3d4-e5f6-7890-abcd-ef1234567890,3af14a22-258e-4f2e-b8df-d0af93423eb6,fe2c88c9-a74b-4609-b5fe-4dfd577889bc,member,2026-05-19T07:00:00+00:00
a1b2c3d4-e5f6-7890-abcd-ef1234567890,3af14a22-258e-4f2e-b8df-d0af93423eb6,0a366415-6f7e-4e35-b516-037aabee2be1,member,2026-05-19T07:00:00+00:00
a1b2c3d4-e5f6-7890-abcd-ef1234567890,3af14a22-258e-4f2e-b8df-d0af93423eb6,3a840020-b76b-41d8-9f1f-4a3123b97b3b,member,2026-05-19T07:00:00+00:00
a1b2c3d4-e5f6-7890-abcd-ef1234567890,3af14a22-258e-4f2e-b8df-d0af93423eb6,5ccb3b28-8f6f-4e68-8e8e-78272b27bc11,member,2026-05-19T07:00:00+00:00
a1b2c3d4-e5f6-7890-abcd-ef1234567890,3af14a22-258e-4f2e-b8df-d0af93423eb6,8d7fcb8f-09e5-4d98-9200-a7de81d25f43,member,2026-05-19T07:00:00+00:00
a1b2c3d4-e5f6-7890-abcd-ef1234567890,3af14a22-258e-4f2e-b8df-d0af93423eb6,6cf183cb-94c3-451b-b371-ae08f3256fab,member,2026-05-19T07:00:00+00:00
a1b2c3d4-e5f6-7890-abcd-ef1234567890,3af14a22-258e-4f2e-b8df-d0af93423eb6,7a5315e2-0e66-4964-8a5d-bc745c99f556,member,2026-05-19T07:00:00+00:00
a1b2c3d4-e5f6-7890-abcd-ef1234567890,3af14a22-258e-4f2e-b8df-d0af93423eb6,41ab72c7-859a-4446-8515-170c26796ba8,member,2026-05-19T07:00:00+00:00
a1b2c3d4-e5f6-7890-abcd-ef1234567890,3af14a22-258e-4f2e-b8df-d0af93423eb6,bdd8f762-8186-4ce0-a34b-6d379f0615c1,member,2026-05-19T07:00:00+00:00
a1b2c3d4-e5f6-7890-abcd-ef1234567890,3af14a22-258e-4f2e-b8df-d0af93423eb6,2a9987f2-6247-4d19-b27d-09cd7344a1aa,member,2026-05-19T07:00:00+00:00
a1b2c3d4-e5f6-7890-abcd-ef1234567890,3af14a22-258e-4f2e-b8df-d0af93423eb6,fa704cfa-a9b8-4dcc-afde-6813aa4a18bc,member,2026-05-19T07:00:00+00:00
a1b2c3d4-e5f6-7890-abcd-ef1234567890,3af14a22-258e-4f2e-b8df-d0af93423eb6,f0416d9c-19e2-4823-9b47-4a2e8ca6807a,member,2026-05-19T07:00:00+00:00
a1b2c3d4-e5f6-7890-abcd-ef1234567890,3af14a22-258e-4f2e-b8df-d0af93423eb6,cf1b1f77-e7de-4527-bb17-be23ba7abea0,member,2026-05-19T07:00:00+00:00
a1b2c3d4-e5f6-7890-abcd-ef1234567890,3af14a22-258e-4f2e-b8df-d0af93423eb6,f6784416-a1e0-40e9-8ea4-ee931f9cf685,member,2026-05-19T07:00:00+00:00
a1b2c3d4-e5f6-7890-abcd-ef1234567890,3af14a22-258e-4f2e-b8df-d0af93423eb6,cf0bc93d-3ba5-4e9f-a207-44ab60ff135c,member,2026-05-19T07:00:00+00:00
a1b2c3d4-e5f6-7890-abcd-ef1234567890,3af14a22-258e-4f2e-b8df-d0af93423eb6,88af5e3a-739d-4390-8b96-38c329eabe67,member,2026-05-19T07:00:00+00:00
a1b2c3d4-e5f6-7890-abcd-ef1234567890,3af14a22-258e-4f2e-b8df-d0af93423eb6,849337f3-3679-431d-a3f1-2ec2871cdabc,member,2026-05-19T07:00:00+00:00
a1b2c3d4-e5f6-7890-abcd-ef1234567890,3af14a22-258e-4f2e-b8df-d0af93423eb6,43ecaba3-87b9-4a33-ae87-04730c80670f,member,2026-05-19T07:00:00+00:00
a1b2c3d4-e5f6-7890-abcd-ef1234567890,3af14a22-258e-4f2e-b8df-d0af93423eb6,6877f953-d298-46cf-bc28-72ea81186c65,member,2026-05-19T07:00:00+00:00
a1b2c3d4-e5f6-7890-abcd-ef1234567890,3af14a22-258e-4f2e-b8df-d0af93423eb6,93dd030b-b11a-42f4-85d1-dfb406855663,member,2026-05-19T07:00:00+00:00
a1b2c3d4-e5f6-7890-abcd-ef1234567890,3af14a22-258e-4f2e-b8df-d0af93423eb6,130d1e74-6aa0-4f30-8b27-5b2aebfe0494,member,2026-05-19T07:00:00+00:00
a1b2c3d4-e5f6-7890-abcd-ef1234567890,3af14a22-258e-4f2e-b8df-d0af93423eb6,51d30465-5e76-443a-8a46-750c4b09c271,member,2026-05-19T07:00:00+00:00
a1b2c3d4-e5f6-7890-abcd-ef1234567890,3af14a22-258e-4f2e-b8df-d0af93423eb6,e5c3f573-fd87-431a-b39b-8c0ae029c204,member,2026-05-19T07:00:00+00:00
a1b2c3d4-e5f6-7890-abcd-ef1234567890,3af14a22-258e-4f2e-b8df-d0af93423eb6,f8b62f7d-6098-4e06-a7ee-82bd21ed7403,member,2026-05-19T07:00:00+00:00
a1b2c3d4-e5f6-7890-abcd-ef1234567890,3af14a22-258e-4f2e-b8df-d0af93423eb6,7f6c689f-ff58-44b6-a3c6-23f44588370f,member,2026-05-19T07:00:00+00:00
a1b2c3d4-e5f6-7890-abcd-ef1234567890,3af14a22-258e-4f2e-b8df-d0af93423eb6,3f60c38c-fe83-4c1d-8b00-60357a2220fa,member,2026-05-19T07:00:00+00:00
a1b2c3d4-e5f6-7890-abcd-ef1234567890,3af14a22-258e-4f2e-b8df-d0af93423eb6,653548ea-9a9f-465f-ac59-758273d1bfd5,member,2026-05-19T07:00:00+00:00
a1b2c3d4-e5f6-7890-abcd-ef1234567890,3af14a22-258e-4f2e-b8df-d0af93423eb6,11c2f514-5f04-4cad-8aaa-ef139c1aed55,member,2026-05-19T07:00:00+00:00
a1b2c3d4-e5f6-7890-abcd-ef1234567890,3af14a22-258e-4f2e-b8df-d0af93423eb6,02a5e59a-26df-4068-aaf0-7f503ae460c6,member,2026-05-19T07:00:00+00:00
a1b2c3d4-e5f6-7890-abcd-ef1234567890,3af14a22-258e-4f2e-b8df-d0af93423eb6,88abea64-367a-4cdb-9c15-257cab72067d,member,2026-05-19T07:00:00+00:00
a1b2c3d4-e5f6-7890-abcd-ef1234567890,3af14a22-258e-4f2e-b8df-d0af93423eb6,fe144120-a371-49db-bdad-f37725f98906,member,2026-05-19T07:00:00+00:00
a1b2c3d4-e5f6-7890-abcd-ef1234567890,3af14a22-258e-4f2e-b8df-d0af93423eb6,abe4bdce-2e7e-4724-a7d4-632f78a2f848,member,2026-05-19T07:00:00+00:00
a1b2c3d4-e5f6-7890-abcd-ef1234567890,3af14a22-258e-4f2e-b8df-d0af93423eb6,3bf7f09a-3a20-469a-9e8b-925a842d5617,member,2026-05-19T07:00:00+00:00
a1b2c3d4-e5f6-7890-abcd-ef1234567890,3af14a22-258e-4f2e-b8df-d0af93423eb6,cc9ada5a-8c8c-445e-9027-1328b6f50a7a,member,2026-05-19T07:00:00+00:00
a1b2c3d4-e5f6-7890-abcd-ef1234567890,3af14a22-258e-4f2e-b8df-d0af93423eb6,78aec37a-faa8-4d9c-b2c3-442ebc14ad70,member,2026-05-19T07:00:00+00:00
a1b2c3d4-e5f6-7890-abcd-ef1234567890,3af14a22-258e-4f2e-b8df-d0af93423eb6,1fe8606b-a945-4853-828b-82842563fa31,member,2026-05-19T07:00:00+00:00
a1b2c3d4-e5f6-7890-abcd-ef1234567890,3af14a22-258e-4f2e-b8df-d0af93423eb6,a4ef6a61-41b8-47b9-ad92-3b8845c6ef49,member,2026-05-19T07:00:00+00:00
a1b2c3d4-e5f6-7890-abcd-ef1234567890,3af14a22-258e-4f2e-b8df-d0af93423eb6,868b06e4-46ba-49a1-8902-fbb0627a219a,member,2026-05-19T07:00:00+00:00
a1b2c3d4-e5f6-7890-abcd-ef1234567890,3af14a22-258e-4f2e-b8df-d0af93423eb6,bfc2186b-fadd-4e4d-979f-408f7de73f5b,member,2026-05-19T07:00:00+00:00
a1b2c3d4-e5f6-7890-abcd-ef1234567890,3af14a22-258e-4f2e-b8df-d0af93423eb6,c978bb16-9bbc-4afb-99b9-8730e264ff98,member,2026-05-19T07:00:00+00:00
a1b2c3d4-e5f6-7890-abcd-ef1234567890,3af14a22-258e-4f2e-b8df-d0af93423eb6,8a2b60fe-1943-46d2-913e-f950efa2c425,member,2026-05-19T07:00:00+00:00
a1b2c3d4-e5f6-7890-abcd-ef1234567890,3af14a22-258e-4f2e-b8df-d0af93423eb6,1eba140d-0138-4b07-82e5-9480cba0819f,member,2026-05-19T07:00:00+00:00
a1b2c3d4-e5f6-7890-abcd-ef1234567890,3af14a22-258e-4f2e-b8df-d0af93423eb6,a924c995-54c8-4303-a14e-1006599c4171,member,2026-05-19T07:00:00+00:00
a1b2c3d4-e5f6-7890-abcd-ef1234567890,cef76b36-a09c-4de7-ba31-579b51463f3f,50138186-c833-44b7-a712-3590fdc543e1,member,2026-05-19T07:00:00+00:00
a1b2c3d4-e5f6-7890-abcd-ef1234567890,cef76b36-a09c-4de7-ba31-579b51463f3f,a956349b-9cec-41a5-a2f1-3fb7ddfe5899,member,2026-05-19T07:00:00+00:00
a1b2c3d4-e5f6-7890-abcd-ef1234567890,cef76b36-a09c-4de7-ba31-579b51463f3f,341d93fc-e858-4b42-a475-4d659eaf1624,member,2026-05-19T07:00:00+00:00
a1b2c3d4-e5f6-7890-abcd-ef1234567890,cef76b36-a09c-4de7-ba31-579b51463f3f,d23cf707-6eb2-403b-a004-717a94328369,member,2026-05-19T07:00:00+00:00
a1b2c3d4-e5f6-7890-abcd-ef1234567890,cef76b36-a09c-4de7-ba31-579b51463f3f,1956c9af-b9e9-4aa7-8db7-637c6965e1ce,member,2026-05-19T07:00:00+00:00
a1b2c3d4-e5f6-7890-abcd-ef1234567890,cef76b36-a09c-4de7-ba31-579b51463f3f,af9ec7fd-4548-4e84-bb6a-2644b814a1c2,member,2026-05-19T07:00:00+00:00
a1b2c3d4-e5f6-7890-abcd-ef1234567890,cef76b36-a09c-4de7-ba31-579b51463f3f,c817eb32-14a7-4851-b8a6-b681aaf4a8c5,member,2026-05-19T07:00:00+00:00
a1b2c3d4-e5f6-7890-abcd-ef1234567890,cef76b36-a09c-4de7-ba31-579b51463f3f,a61ba7b5-2323-4100-998f-2d7e9cc681b4,member,2026-05-19T07:00:00+00:00
a1b2c3d4-e5f6-7890-abcd-ef1234567890,cef76b36-a09c-4de7-ba31-579b51463f3f,2fc99752-253f-4adc-bd18-24baf3303891,member,2026-05-19T07:00:00+00:00
a1b2c3d4-e5f6-7890-abcd-ef1234567890,cef76b36-a09c-4de7-ba31-579b51463f3f,be5c97ce-30da-44cc-aed2-f3c2f10b5d4c,member,2026-05-19T07:00:00+00:00
a1b2c3d4-e5f6-7890-abcd-ef1234567890,cef76b36-a09c-4de7-ba31-579b51463f3f,7de6fc8b-5bbc-45eb-9d8a-3457bd4f3c1d,member,2026-05-19T07:00:00+00:00
a1b2c3d4-e5f6-7890-abcd-ef1234567890,cef76b36-a09c-4de7-ba31-579b51463f3f,60287b7a-231b-4282-8b36-0214b330d8a3,member,2026-05-19T07:00:00+00:00
a1b2c3d4-e5f6-7890-abcd-ef1234567890,cef76b36-a09c-4de7-ba31-579b51463f3f,9faf6580-731b-4a0b-b157-a8b639646371,member,2026-05-19T07:00:00+00:00
a1b2c3d4-e5f6-7890-abcd-ef1234567890,cef76b36-a09c-4de7-ba31-579b51463f3f,24569ad7-9d9d-4a93-b8e4-527aaeb77d84,member,2026-05-19T07:00:00+00:00
a1b2c3d4-e5f6-7890-abcd-ef1234567890,cef76b36-a09c-4de7-ba31-579b51463f3f,2593d89d-3e80-4246-83d8-4db00502d660,member,2026-05-19T07:00:00+00:00
a1b2c3d4-e5f6-7890-abcd-ef1234567890,cef76b36-a09c-4de7-ba31-579b51463f3f,69e1b285-4629-4b66-908e-86c60a628cd0,member,2026-05-19T07:00:00+00:00
a1b2c3d4-e5f6-7890-abcd-ef1234567890,cef76b36-a09c-4de7-ba31-579b51463f3f,531ebf9b-7612-474b-b468-7d77024181c7,member,2026-05-19T07:00:00+00:00
a1b2c3d4-e5f6-7890-abcd-ef1234567890,cef76b36-a09c-4de7-ba31-579b51463f3f,af5d451a-6182-4215-8369-77aa6756033f,member,2026-05-19T07:00:00+00:00
a1b2c3d4-e5f6-7890-abcd-ef1234567890,cef76b36-a09c-4de7-ba31-579b51463f3f,dd71026f-9b78-4ae3-95c0-8f7449f2c99c,member,2026-05-19T07:00:00+00:00
a1b2c3d4-e5f6-7890-abcd-ef1234567890,cef76b36-a09c-4de7-ba31-579b51463f3f,c5476e33-730f-451c-8860-02872668b34c,member,2026-05-19T07:00:00+00:00
a1b2c3d4-e5f6-7890-abcd-ef1234567890,cef76b36-a09c-4de7-ba31-579b51463f3f,bcba1dbd-d164-4c19-ac37-9c2b3dc31775,member,2026-05-19T07:00:00+00:00
a1b2c3d4-e5f6-7890-abcd-ef1234567890,cef76b36-a09c-4de7-ba31-579b51463f3f,22d3c633-172b-404d-8263-fbfce67343a7,member,2026-05-19T07:00:00+00:00
a1b2c3d4-e5f6-7890-abcd-ef1234567890,cef76b36-a09c-4de7-ba31-579b51463f3f,b05e9265-e851-47a0-bbfe-17cacb25ccd8,member,2026-05-19T07:00:00+00:00
a1b2c3d4-e5f6-7890-abcd-ef1234567890,cef76b36-a09c-4de7-ba31-579b51463f3f,5a4bc483-7e6c-4e0e-827d-14690d0f0e96,member,2026-05-19T07:00:00+00:00
a1b2c3d4-e5f6-7890-abcd-ef1234567890,cef76b36-a09c-4de7-ba31-579b51463f3f,16873ac4-dac7-442b-8995-0c92c7632437,member,2026-05-19T07:00:00+00:00
a1b2c3d4-e5f6-7890-abcd-ef1234567890,cef76b36-a09c-4de7-ba31-579b51463f3f,f0b2834f-fe5a-480b-b875-61c9b08f2f56,member,2026-05-19T07:00:00+00:00
a1b2c3d4-e5f6-7890-abcd-ef1234567890,cef76b36-a09c-4de7-ba31-579b51463f3f,6184b430-9420-48dc-b675-0bfb20edbf2d,member,2026-05-19T07:00:00+00:00
a1b2c3d4-e5f6-7890-abcd-ef1234567890,cef76b36-a09c-4de7-ba31-579b51463f3f,ee1bf0d4-b84c-444c-940c-eac352df6eed,member,2026-05-19T07:00:00+00:00
a1b2c3d4-e5f6-7890-abcd-ef1234567890,cef76b36-a09c-4de7-ba31-579b51463f3f,f2d7c275-ff98-4986-bdff-d4aa44512a29,member,2026-05-19T07:00:00+00:00
a1b2c3d4-e5f6-7890-abcd-ef1234567890,cef76b36-a09c-4de7-ba31-579b51463f3f,bd79b1cf-7ef8-43bb-9c97-94ef47f5bae7,member,2026-05-19T07:00:00+00:00
a1b2c3d4-e5f6-7890-abcd-ef1234567890,cef76b36-a09c-4de7-ba31-579b51463f3f,b5c09d5f-8b4a-417c-9e71-80cf7df5f302,member,2026-05-19T07:00:00+00:00
a1b2c3d4-e5f6-7890-abcd-ef1234567890,cef76b36-a09c-4de7-ba31-579b51463f3f,bc4c946e-b219-4f32-a734-46a8ee3cdf12,member,2026-05-19T07:00:00+00:00
a1b2c3d4-e5f6-7890-abcd-ef1234567890,cef76b36-a09c-4de7-ba31-579b51463f3f,caf6dd57-e082-4652-9e73-3a94f1fa1eb5,member,2026-05-19T07:00:00+00:00
a1b2c3d4-e5f6-7890-abcd-ef1234567890,cef76b36-a09c-4de7-ba31-579b51463f3f,a47939b7-651d-45dd-99fd-86184216d8ad,member,2026-05-19T07:00:00+00:00
a1b2c3d4-e5f6-7890-abcd-ef1234567890,cef76b36-a09c-4de7-ba31-579b51463f3f,e0d2ebe1-9a98-485d-8b70-bee64d5bbdb7,member,2026-05-19T07:00:00+00:00
a1b2c3d4-e5f6-7890-abcd-ef1234567890,cef76b36-a09c-4de7-ba31-579b51463f3f,51ada687-034a-4825-8e9a-91b40268cc85,member,2026-05-19T07:00:00+00:00
a1b2c3d4-e5f6-7890-abcd-ef1234567890,cef76b36-a09c-4de7-ba31-579b51463f3f,b813c598-a673-44e5-8738-72aaff15b6e3,member,2026-05-19T07:00:00+00:00
a1b2c3d4-e5f6-7890-abcd-ef1234567890,cef76b36-a09c-4de7-ba31-579b51463f3f,970a833a-d77b-4052-8de5-bed819f0ed4d,member,2026-05-19T07:00:00+00:00
a1b2c3d4-e5f6-7890-abcd-ef1234567890,cef76b36-a09c-4de7-ba31-579b51463f3f,bf9466d6-4930-476e-a41e-9acfc186c63b,member,2026-05-19T07:00:00+00:00
a1b2c3d4-e5f6-7890-abcd-ef1234567890,cef76b36-a09c-4de7-ba31-579b51463f3f,b454f23c-49d9-4578-98f5-e75b52f0fba7,member,2026-05-19T07:00:00+00:00
a1b2c3d4-e5f6-7890-abcd-ef1234567890,cef76b36-a09c-4de7-ba31-579b51463f3f,1706287f-2512-4a5e-900d-6c423d1bddef,member,2026-05-19T07:00:00+00:00
a1b2c3d4-e5f6-7890-abcd-ef1234567890,cef76b36-a09c-4de7-ba31-579b51463f3f,ecb7d47a-9dce-45d2-9dbb-9cec173a5cdc,member,2026-05-19T07:00:00+00:00
a1b2c3d4-e5f6-7890-abcd-ef1234567890,cef76b36-a09c-4de7-ba31-579b51463f3f,7fe2df4b-3e9e-4d44-bbad-c7a861058b2c,member,2026-05-19T07:00:00+00:00
a1b2c3d4-e5f6-7890-abcd-ef1234567890,cef76b36-a09c-4de7-ba31-579b51463f3f,0d516acf-8e6c-4821-b815-f79496dcecae,member,2026-05-19T07:00:00+00:00
a1b2c3d4-e5f6-7890-abcd-ef1234567890,cef76b36-a09c-4de7-ba31-579b51463f3f,34d93d49-4b4f-4e45-9e8e-fc3c9252825c,member,2026-05-19T07:00:00+00:00
a1b2c3d4-e5f6-7890-abcd-ef1234567890,cef76b36-a09c-4de7-ba31-579b51463f3f,ab71bc45-4df1-4f74-abfc-6246d4084015,member,2026-05-19T07:00:00+00:00
a1b2c3d4-e5f6-7890-abcd-ef1234567890,cef76b36-a09c-4de7-ba31-579b51463f3f,e1f97397-e1a3-4ceb-a0b9-3c653a56df00,member,2026-05-19T07:00:00+00:00
a1b2c3d4-e5f6-7890-abcd-ef1234567890,cef76b36-a09c-4de7-ba31-579b51463f3f,2f11570f-61b5-4039-b9ed-6d310b9d2d70,member,2026-05-19T07:00:00+00:00
a1b2c3d4-e5f6-7890-abcd-ef1234567890,cef76b36-a09c-4de7-ba31-579b51463f3f,53560c3a-6d92-495a-b76f-517151c3ec65,member,2026-05-19T07:00:00+00:00
a1b2c3d4-e5f6-7890-abcd-ef1234567890,cef76b36-a09c-4de7-ba31-579b51463f3f,d4c17da4-35da-4ce7-bcdb-d264b330f5a1,member,2026-05-19T07:00:00+00:00
a1b2c3d4-e5f6-7890-abcd-ef1234567890,cef76b36-a09c-4de7-ba31-579b51463f3f,1d3eded8-b45f-4724-8360-f8b9e71469f0,member,2026-05-19T07:00:00+00:00
a1b2c3d4-e5f6-7890-abcd-ef1234567890,cef76b36-a09c-4de7-ba31-579b51463f3f,9a912ff0-626c-4b12-915e-8d8746ec42ea,member,2026-05-19T07:00:00+00:00
a1b2c3d4-e5f6-7890-abcd-ef1234567890,cef76b36-a09c-4de7-ba31-579b51463f3f,38962967-387a-445a-aa47-33fd2d1d96a4,member,2026-05-19T07:00:00+00:00
a1b2c3d4-e5f6-7890-abcd-ef1234567890,cef76b36-a09c-4de7-ba31-579b51463f3f,b220d55e-3b3e-4324-8f5a-60acd66e3fb1,member,2026-05-19T07:00:00+00:00
a1b2c3d4-e5f6-7890-abcd-ef1234567890,cef76b36-a09c-4de7-ba31-579b51463f3f,fe1d4556-ec33-40c5-a44f-e6007c7841dc,member,2026-05-19T07:00:00+00:00
a1b2c3d4-e5f6-7890-abcd-ef1234567890,cef76b36-a09c-4de7-ba31-579b51463f3f,5707d4c2-1613-4837-908f-e883fe4a737d,member,2026-05-19T07:00:00+00:00
a1b2c3d4-e5f6-7890-abcd-ef1234567890,cef76b36-a09c-4de7-ba31-579b51463f3f,afba90b0-61ca-4be6-848d-fce5300abcb3,member,2026-05-19T07:00:00+00:00
a1b2c3d4-e5f6-7890-abcd-ef1234567890,cef76b36-a09c-4de7-ba31-579b51463f3f,4264369b-83a8-49b0-a393-6499d69fa9f6,member,2026-05-19T07:00:00+00:00
a1b2c3d4-e5f6-7890-abcd-ef1234567890,cef76b36-a09c-4de7-ba31-579b51463f3f,b78eec66-0b25-462c-8270-7e5699ed3a4c,member,2026-05-19T07:00:00+00:00
a1b2c3d4-e5f6-7890-abcd-ef1234567890,cef76b36-a09c-4de7-ba31-579b51463f3f,ebc325a4-3b5f-4828-95a6-c71cacd1d403,member,2026-05-19T07:00:00+00:00
a1b2c3d4-e5f6-7890-abcd-ef1234567890,cef76b36-a09c-4de7-ba31-579b51463f3f,8cb40465-f79d-486a-9450-973852852d4b,member,2026-05-19T07:00:00+00:00
a1b2c3d4-e5f6-7890-abcd-ef1234567890,cef76b36-a09c-4de7-ba31-579b51463f3f,0276f701-5e6e-4a31-a9d4-1508d62ef2c5,member,2026-05-19T07:00:00+00:00
a1b2c3d4-e5f6-7890-abcd-ef1234567890,cef76b36-a09c-4de7-ba31-579b51463f3f,fb4ba5aa-0d86-4e5b-937e-183c4989f3e0,member,2026-05-19T07:00:00+00:00
a1b2c3d4-e5f6-7890-abcd-ef1234567890,cef76b36-a09c-4de7-ba31-579b51463f3f,f2658a8c-5c29-4ff8-b9f4-6c6ec34b83f5,member,2026-05-19T07:00:00+00:00
a1b2c3d4-e5f6-7890-abcd-ef1234567890,cef76b36-a09c-4de7-ba31-579b51463f3f,91f072ef-82d5-4d76-834c-3ac56e21cfa9,member,2026-05-19T07:00:00+00:00
a1b2c3d4-e5f6-7890-abcd-ef1234567890,cef76b36-a09c-4de7-ba31-579b51463f3f,de6341b0-6040-4525-9141-0cab01538b81,member,2026-05-19T07:00:00+00:00
a1b2c3d4-e5f6-7890-abcd-ef1234567890,cef76b36-a09c-4de7-ba31-579b51463f3f,dff70991-5065-4137-bc8e-00572f4417fe,member,2026-05-19T07:00:00+00:00
a1b2c3d4-e5f6-7890-abcd-ef1234567890,cef76b36-a09c-4de7-ba31-579b51463f3f,f81c31a1-854a-4973-b25b-d20a3a36291a,member,2026-05-19T07:00:00+00:00
a1b2c3d4-e5f6-7890-abcd-ef1234567890,cef76b36-a09c-4de7-ba31-579b51463f3f,3dda82b8-1fd9-45a3-aaa7-29f48fbcc07f,member,2026-05-19T07:00:00+00:00
a1b2c3d4-e5f6-7890-abcd-ef1234567890,cef76b36-a09c-4de7-ba31-579b51463f3f,83e33415-ef70-44e3-a789-5f908b781756,member,2026-05-19T07:00:00+00:00
a1b2c3d4-e5f6-7890-abcd-ef1234567890,cef76b36-a09c-4de7-ba31-579b51463f3f,8717aa78-59fe-4121-a9b1-af48ad244ca0,member,2026-05-19T07:00:00+00:00
a1b2c3d4-e5f6-7890-abcd-ef1234567890,cef76b36-a09c-4de7-ba31-579b51463f3f,d0f1a8d3-88a3-49a9-ba69-b11e75daa081,member,2026-05-19T07:00:00+00:00
a1b2c3d4-e5f6-7890-abcd-ef1234567890,cef76b36-a09c-4de7-ba31-579b51463f3f,0762214f-7b7e-4e0b-9a20-bf9c284a7beb,member,2026-05-19T07:00:00+00:00
a1b2c3d4-e5f6-7890-abcd-ef1234567890,cef76b36-a09c-4de7-ba31-579b51463f3f,1d0704be-7422-4731-9522-8b9e316e565d,member,2026-05-19T07:00:00+00:00
a1b2c3d4-e5f6-7890-abcd-ef1234567890,cef76b36-a09c-4de7-ba31-579b51463f3f,bc49467e-902d-45a0-bd72-044d423cb67a,member,2026-05-19T07:00:00+00:00
a1b2c3d4-e5f6-7890-abcd-ef1234567890,cef76b36-a09c-4de7-ba31-579b51463f3f,def569f0-bc15-4443-9055-f11d868eeb38,member,2026-05-19T07:00:00+00:00
a1b2c3d4-e5f6-7890-abcd-ef1234567890,cef76b36-a09c-4de7-ba31-579b51463f3f,d6257b06-1051-443d-b57e-62d090d7f698,member,2026-05-19T07:00:00+00:00
a1b2c3d4-e5f6-7890-abcd-ef1234567890,cef76b36-a09c-4de7-ba31-579b51463f3f,b03172fa-6696-444e-8d1b-78dafbb29fc0,member,2026-05-19T07:00:00+00:00
a1b2c3d4-e5f6-7890-abcd-ef1234567890,cef76b36-a09c-4de7-ba31-579b51463f3f,067a5a10-4969-4438-8c09-8e3918ec7d7b,member,2026-05-19T07:00:00+00:00
a1b2c3d4-e5f6-7890-abcd-ef1234567890,cef76b36-a09c-4de7-ba31-579b51463f3f,911d38b2-57f5-4f6b-97c8-17a7205336df,member,2026-05-19T07:00:00+00:00
a1b2c3d4-e5f6-7890-abcd-ef1234567890,3109c7fe-49d4-4721-bdc4-13c90fd752ac,f8f1286a-e039-4151-a30a-16d19af6bb81,member,2026-05-19T07:00:00+00:00
a1b2c3d4-e5f6-7890-abcd-ef1234567890,3109c7fe-49d4-4721-bdc4-13c90fd752ac,fb3ec460-6148-4a19-a3a1-8f79d5cea976,member,2026-05-19T07:00:00+00:00
a1b2c3d4-e5f6-7890-abcd-ef1234567890,3109c7fe-49d4-4721-bdc4-13c90fd752ac,b984bdef-12b6-45e7-a16c-654863aa1c6c,member,2026-05-19T07:00:00+00:00
a1b2c3d4-e5f6-7890-abcd-ef1234567890,3109c7fe-49d4-4721-bdc4-13c90fd752ac,7933fa66-88d0-49d3-a8c7-366187a98ca2,member,2026-05-19T07:00:00+00:00
a1b2c3d4-e5f6-7890-abcd-ef1234567890,3109c7fe-49d4-4721-bdc4-13c90fd752ac,dcb08680-54bb-4ddc-91b2-7032cd31e587,member,2026-05-19T07:00:00+00:00
a1b2c3d4-e5f6-7890-abcd-ef1234567890,3109c7fe-49d4-4721-bdc4-13c90fd752ac,91c1689a-9303-4468-baf8-46eafb1afc07,member,2026-05-19T07:00:00+00:00
a1b2c3d4-e5f6-7890-abcd-ef1234567890,3109c7fe-49d4-4721-bdc4-13c90fd752ac,0b340664-e859-4749-85c4-09cd145daa8b,member,2026-05-19T07:00:00+00:00
a1b2c3d4-e5f6-7890-abcd-ef1234567890,3109c7fe-49d4-4721-bdc4-13c90fd752ac,71b303f4-b109-4d11-babf-c72b344d4849,member,2026-05-19T07:00:00+00:00
a1b2c3d4-e5f6-7890-abcd-ef1234567890,3109c7fe-49d4-4721-bdc4-13c90fd752ac,0cb4099a-5344-49b1-95c7-a5606cd19cf3,member,2026-05-19T07:00:00+00:00
a1b2c3d4-e5f6-7890-abcd-ef1234567890,3109c7fe-49d4-4721-bdc4-13c90fd752ac,02cc9883-a504-496d-a825-3202cb8b25b0,member,2026-05-19T07:00:00+00:00
a1b2c3d4-e5f6-7890-abcd-ef1234567890,3109c7fe-49d4-4721-bdc4-13c90fd752ac,3cc063cf-003c-4e34-bab5-53a6eb4d7e91,member,2026-05-19T07:00:00+00:00
a1b2c3d4-e5f6-7890-abcd-ef1234567890,3109c7fe-49d4-4721-bdc4-13c90fd752ac,013d10fe-cf72-4913-b40e-eb8b8cdbee7e,member,2026-05-19T07:00:00+00:00
a1b2c3d4-e5f6-7890-abcd-ef1234567890,3109c7fe-49d4-4721-bdc4-13c90fd752ac,6ba2b133-6958-4a04-80a9-e42281230330,member,2026-05-19T07:00:00+00:00
a1b2c3d4-e5f6-7890-abcd-ef1234567890,3109c7fe-49d4-4721-bdc4-13c90fd752ac,67d031f5-bd7e-4084-8c09-146e704d95fd,member,2026-05-19T07:00:00+00:00
a1b2c3d4-e5f6-7890-abcd-ef1234567890,3109c7fe-49d4-4721-bdc4-13c90fd752ac,cae0d849-0614-467b-a20b-60bc7e7b7502,member,2026-05-19T07:00:00+00:00
a1b2c3d4-e5f6-7890-abcd-ef1234567890,3109c7fe-49d4-4721-bdc4-13c90fd752ac,4f21f29e-23f1-4330-87af-59cba4cb150a,member,2026-05-19T07:00:00+00:00
a1b2c3d4-e5f6-7890-abcd-ef1234567890,3109c7fe-49d4-4721-bdc4-13c90fd752ac,27a0beec-83f5-4fc2-a1df-4181a7c26d25,member,2026-05-19T07:00:00+00:00
a1b2c3d4-e5f6-7890-abcd-ef1234567890,3109c7fe-49d4-4721-bdc4-13c90fd752ac,2f7be17f-e080-4d72-a547-1ff30faadd14,member,2026-05-19T07:00:00+00:00
a1b2c3d4-e5f6-7890-abcd-ef1234567890,3109c7fe-49d4-4721-bdc4-13c90fd752ac,87c6b7b0-3404-4f41-ba8a-49c377c09a4e,member,2026-05-19T07:00:00+00:00
a1b2c3d4-e5f6-7890-abcd-ef1234567890,3109c7fe-49d4-4721-bdc4-13c90fd752ac,2a4939d4-32d0-4008-bbeb-b1eb2cfb0da1,member,2026-05-19T07:00:00+00:00
a1b2c3d4-e5f6-7890-abcd-ef1234567890,3109c7fe-49d4-4721-bdc4-13c90fd752ac,f7b30e73-e697-4af1-91b9-120993014e96,member,2026-05-19T07:00:00+00:00
a1b2c3d4-e5f6-7890-abcd-ef1234567890,3109c7fe-49d4-4721-bdc4-13c90fd752ac,9570fac7-0cba-49e7-b3fc-ad078e21f2d2,member,2026-05-19T07:00:00+00:00
a1b2c3d4-e5f6-7890-abcd-ef1234567890,3109c7fe-49d4-4721-bdc4-13c90fd752ac,43d11e3f-6514-4408-b523-88a8c29ffbe4,member,2026-05-19T07:00:00+00:00
a1b2c3d4-e5f6-7890-abcd-ef1234567890,3109c7fe-49d4-4721-bdc4-13c90fd752ac,4ffb14c1-dfe0-4aa7-8dd1-12d410d0278f,member,2026-05-19T07:00:00+00:00
a1b2c3d4-e5f6-7890-abcd-ef1234567890,3109c7fe-49d4-4721-bdc4-13c90fd752ac,04066908-4730-412c-b3e0-25348f74b493,member,2026-05-19T07:00:00+00:00
a1b2c3d4-e5f6-7890-abcd-ef1234567890,3109c7fe-49d4-4721-bdc4-13c90fd752ac,ee9bdfe4-116c-4a32-9447-e742ea0f2b21,member,2026-05-19T07:00:00+00:00
a1b2c3d4-e5f6-7890-abcd-ef1234567890,3109c7fe-49d4-4721-bdc4-13c90fd752ac,d65d2b58-e92a-4e7b-8acd-d4c6883cf467,member,2026-05-19T07:00:00+00:00
a1b2c3d4-e5f6-7890-abcd-ef1234567890,3109c7fe-49d4-4721-bdc4-13c90fd752ac,03b6063e-a06a-479d-a44c-e2f05faf69b6,member,2026-05-19T07:00:00+00:00
a1b2c3d4-e5f6-7890-abcd-ef1234567890,3109c7fe-49d4-4721-bdc4-13c90fd752ac,a3c590df-405d-4e58-9ab2-ade26c793c38,member,2026-05-19T07:00:00+00:00
a1b2c3d4-e5f6-7890-abcd-ef1234567890,3109c7fe-49d4-4721-bdc4-13c90fd752ac,daea8276-90dc-4692-b53c-0410ff60d461,member,2026-05-19T07:00:00+00:00
a1b2c3d4-e5f6-7890-abcd-ef1234567890,3109c7fe-49d4-4721-bdc4-13c90fd752ac,f6095465-3af9-4232-b449-44fa2db36530,member,2026-05-19T07:00:00+00:00
a1b2c3d4-e5f6-7890-abcd-ef1234567890,3109c7fe-49d4-4721-bdc4-13c90fd752ac,61d6c08e-4735-4316-875c-df2547940ab9,member,2026-05-19T07:00:00+00:00
a1b2c3d4-e5f6-7890-abcd-ef1234567890,3109c7fe-49d4-4721-bdc4-13c90fd752ac,9876d139-fed7-495b-bd4a-482caee4c134,member,2026-05-19T07:00:00+00:00
a1b2c3d4-e5f6-7890-abcd-ef1234567890,3109c7fe-49d4-4721-bdc4-13c90fd752ac,be34332f-05cb-43f1-8c09-86b1154726ba,member,2026-05-19T07:00:00+00:00
a1b2c3d4-e5f6-7890-abcd-ef1234567890,3109c7fe-49d4-4721-bdc4-13c90fd752ac,191223d2-c4bf-4ae8-8ed1-b6cb4beaf4d3,member,2026-05-19T07:00:00+00:00
a1b2c3d4-e5f6-7890-abcd-ef1234567890,3109c7fe-49d4-4721-bdc4-13c90fd752ac,feb786f5-29f7-45f7-917c-f8b0409af318,member,2026-05-19T07:00:00+00:00
a1b2c3d4-e5f6-7890-abcd-ef1234567890,3109c7fe-49d4-4721-bdc4-13c90fd752ac,b112047e-3f69-462a-a84a-d7b347970d10,member,2026-05-19T07:00:00+00:00
a1b2c3d4-e5f6-7890-abcd-ef1234567890,3109c7fe-49d4-4721-bdc4-13c90fd752ac,e85d61b8-57c1-46c9-baed-1d4922269ee2,member,2026-05-19T07:00:00+00:00
a1b2c3d4-e5f6-7890-abcd-ef1234567890,3109c7fe-49d4-4721-bdc4-13c90fd752ac,070b9358-0a16-4578-90a4-6752ee4e789e,member,2026-05-19T07:00:00+00:00
a1b2c3d4-e5f6-7890-abcd-ef1234567890,3109c7fe-49d4-4721-bdc4-13c90fd752ac,e243273a-b9a4-48cc-9f83-4a1a2e8bdc0f,member,2026-05-19T07:00:00+00:00
a1b2c3d4-e5f6-7890-abcd-ef1234567890,3109c7fe-49d4-4721-bdc4-13c90fd752ac,b966bb5e-3881-4c34-81e5-071602b35f23,member,2026-05-19T07:00:00+00:00
a1b2c3d4-e5f6-7890-abcd-ef1234567890,3109c7fe-49d4-4721-bdc4-13c90fd752ac,9c3546d9-4147-4434-a27c-daada20ad9d2,member,2026-05-19T07:00:00+00:00
a1b2c3d4-e5f6-7890-abcd-ef1234567890,3109c7fe-49d4-4721-bdc4-13c90fd752ac,8492c04a-cf30-46a2-aaba-13160ef4302b,member,2026-05-19T07:00:00+00:00
a1b2c3d4-e5f6-7890-abcd-ef1234567890,3109c7fe-49d4-4721-bdc4-13c90fd752ac,690558b4-3ab1-42fc-bd02-f116297cf118,member,2026-05-19T07:00:00+00:00
a1b2c3d4-e5f6-7890-abcd-ef1234567890,3109c7fe-49d4-4721-bdc4-13c90fd752ac,b97f81a4-9e2d-4414-ae6b-b19c1fa882c4,member,2026-05-19T07:00:00+00:00
a1b2c3d4-e5f6-7890-abcd-ef1234567890,3109c7fe-49d4-4721-bdc4-13c90fd752ac,88996754-08d9-4b36-9870-ac0252a827d9,member,2026-05-19T07:00:00+00:00
a1b2c3d4-e5f6-7890-abcd-ef1234567890,3109c7fe-49d4-4721-bdc4-13c90fd752ac,f88d7f67-3954-47aa-a198-9e944b792576,member,2026-05-19T07:00:00+00:00
a1b2c3d4-e5f6-7890-abcd-ef1234567890,3109c7fe-49d4-4721-bdc4-13c90fd752ac,48b3c700-4360-4e87-9cca-79ff92cae844,member,2026-05-19T07:00:00+00:00
a1b2c3d4-e5f6-7890-abcd-ef1234567890,3109c7fe-49d4-4721-bdc4-13c90fd752ac,6df6ba90-bb89-48ec-8bb0-8d918f61ec63,member,2026-05-19T07:00:00+00:00
a1b2c3d4-e5f6-7890-abcd-ef1234567890,3109c7fe-49d4-4721-bdc4-13c90fd752ac,f1ce1135-f4c0-4dae-abf8-2b6cf8e529ef,member,2026-05-19T07:00:00+00:00
a1b2c3d4-e5f6-7890-abcd-ef1234567890,3109c7fe-49d4-4721-bdc4-13c90fd752ac,1bad0377-dd1b-49c3-9b47-4857e3863df0,member,2026-05-19T07:00:00+00:00
a1b2c3d4-e5f6-7890-abcd-ef1234567890,3109c7fe-49d4-4721-bdc4-13c90fd752ac,68e661f7-9891-49af-bbd2-fcf1708a37cb,member,2026-05-19T07:00:00+00:00
a1b2c3d4-e5f6-7890-abcd-ef1234567890,3109c7fe-49d4-4721-bdc4-13c90fd752ac,66570992-c11e-4c7a-a081-814cce328f11,member,2026-05-19T07:00:00+00:00
a1b2c3d4-e5f6-7890-abcd-ef1234567890,3109c7fe-49d4-4721-bdc4-13c90fd752ac,43bebe41-d695-4f76-8622-500922efa8da,member,2026-05-19T07:00:00+00:00
a1b2c3d4-e5f6-7890-abcd-ef1234567890,3109c7fe-49d4-4721-bdc4-13c90fd752ac,957d87fd-f602-4913-816f-59ff4b3d9342,member,2026-05-19T07:00:00+00:00
a1b2c3d4-e5f6-7890-abcd-ef1234567890,3109c7fe-49d4-4721-bdc4-13c90fd752ac,28162f51-617d-4569-b3b3-6a66f7870528,member,2026-05-19T07:00:00+00:00
a1b2c3d4-e5f6-7890-abcd-ef1234567890,3109c7fe-49d4-4721-bdc4-13c90fd752ac,38e2f310-8aba-4348-b5dc-7241b72664e9,member,2026-05-19T07:00:00+00:00
a1b2c3d4-e5f6-7890-abcd-ef1234567890,3109c7fe-49d4-4721-bdc4-13c90fd752ac,3aee3dda-7562-48c1-8490-383d01225914,member,2026-05-19T07:00:00+00:00
a1b2c3d4-e5f6-7890-abcd-ef1234567890,3109c7fe-49d4-4721-bdc4-13c90fd752ac,faeea7f5-be2b-4a47-bf63-e912990bb2e6,member,2026-05-19T07:00:00+00:00
a1b2c3d4-e5f6-7890-abcd-ef1234567890,3109c7fe-49d4-4721-bdc4-13c90fd752ac,b2ddc118-c59d-4412-affe-bb99cc157347,member,2026-05-19T07:00:00+00:00
a1b2c3d4-e5f6-7890-abcd-ef1234567890,d0af314a-350c-4305-9d3e-7ca98e861bd1,2ae27d89-cf94-4fc4-9f6e-246c93379f80,member,2026-05-19T07:00:00+00:00
a1b2c3d4-e5f6-7890-abcd-ef1234567890,d0af314a-350c-4305-9d3e-7ca98e861bd1,d927df3e-ff28-460c-9fb2-99108e08c5f1,member,2026-05-19T07:00:00+00:00
a1b2c3d4-e5f6-7890-abcd-ef1234567890,d0af314a-350c-4305-9d3e-7ca98e861bd1,c5c28ae9-2aea-45b7-b0b6-299ff26d98db,member,2026-05-19T07:00:00+00:00
a1b2c3d4-e5f6-7890-abcd-ef1234567890,d0af314a-350c-4305-9d3e-7ca98e861bd1,1532e858-8cd9-434b-a355-997222f612a4,member,2026-05-19T07:00:00+00:00
a1b2c3d4-e5f6-7890-abcd-ef1234567890,d0af314a-350c-4305-9d3e-7ca98e861bd1,ffec3f7a-adb8-4924-9fce-f381a7082525,member,2026-05-19T07:00:00+00:00
a1b2c3d4-e5f6-7890-abcd-ef1234567890,d0af314a-350c-4305-9d3e-7ca98e861bd1,f82b513d-d2e7-4f10-af9b-84df611e695f,member,2026-05-19T07:00:00+00:00
a1b2c3d4-e5f6-7890-abcd-ef1234567890,d0af314a-350c-4305-9d3e-7ca98e861bd1,d9868da1-dad4-46f3-aa6b-7dae33ce648b,member,2026-05-19T07:00:00+00:00
a1b2c3d4-e5f6-7890-abcd-ef1234567890,d0af314a-350c-4305-9d3e-7ca98e861bd1,f7bd4aad-d496-4abf-89da-e3778473f484,member,2026-05-19T07:00:00+00:00
a1b2c3d4-e5f6-7890-abcd-ef1234567890,d0af314a-350c-4305-9d3e-7ca98e861bd1,7364ab06-faf4-4ebf-a96f-f75face85ed6,member,2026-05-19T07:00:00+00:00
a1b2c3d4-e5f6-7890-abcd-ef1234567890,d0af314a-350c-4305-9d3e-7ca98e861bd1,27f70df6-a81b-4c24-8412-dccd0c87e5b6,member,2026-05-19T07:00:00+00:00
a1b2c3d4-e5f6-7890-abcd-ef1234567890,d0af314a-350c-4305-9d3e-7ca98e861bd1,bccb7f94-f0dd-48c6-af9f-d90cf2403833,member,2026-05-19T07:00:00+00:00
a1b2c3d4-e5f6-7890-abcd-ef1234567890,d0af314a-350c-4305-9d3e-7ca98e861bd1,a57154b0-fd48-490b-8547-e7651ebe70d3,member,2026-05-19T07:00:00+00:00
a1b2c3d4-e5f6-7890-abcd-ef1234567890,d0af314a-350c-4305-9d3e-7ca98e861bd1,0b3cb8aa-6a69-47b8-8419-57e391f3fb7b,member,2026-05-19T07:00:00+00:00
a1b2c3d4-e5f6-7890-abcd-ef1234567890,d0af314a-350c-4305-9d3e-7ca98e861bd1,67236c35-b054-4432-a5f5-e92b60a4faa9,member,2026-05-19T07:00:00+00:00
a1b2c3d4-e5f6-7890-abcd-ef1234567890,d0af314a-350c-4305-9d3e-7ca98e861bd1,4ec32057-ad91-4d99-a6c3-6c611cca6a5f,member,2026-05-19T07:00:00+00:00
a1b2c3d4-e5f6-7890-abcd-ef1234567890,28c7ec00-e3b2-4082-84da-4900bef44c00,f169a203-2b09-4a4e-98b9-98b6f89a3819,member,2026-05-19T07:00:00+00:00
a1b2c3d4-e5f6-7890-abcd-ef1234567890,28c7ec00-e3b2-4082-84da-4900bef44c00,31cc1fac-8473-4c95-961d-494fce1e0455,member,2026-05-19T07:00:00+00:00
a1b2c3d4-e5f6-7890-abcd-ef1234567890,28c7ec00-e3b2-4082-84da-4900bef44c00,bc0aeedb-acad-4311-b059-d24a46aff0d2,member,2026-05-19T07:00:00+00:00
a1b2c3d4-e5f6-7890-abcd-ef1234567890,28c7ec00-e3b2-4082-84da-4900bef44c00,c333de1c-768d-4d35-bee1-fd782c711014,member,2026-05-19T07:00:00+00:00
a1b2c3d4-e5f6-7890-abcd-ef1234567890,28c7ec00-e3b2-4082-84da-4900bef44c00,25678646-5382-49ba-983a-86102d138dad,member,2026-05-19T07:00:00+00:00
a1b2c3d4-e5f6-7890-abcd-ef1234567890,28c7ec00-e3b2-4082-84da-4900bef44c00,fcaa9bc5-c68c-405e-913c-0fd2af61e407,member,2026-05-19T07:00:00+00:00
a1b2c3d4-e5f6-7890-abcd-ef1234567890,28c7ec00-e3b2-4082-84da-4900bef44c00,6ff80b14-8584-4d5e-a71e-015a187377f8,member,2026-05-19T07:00:00+00:00
a1b2c3d4-e5f6-7890-abcd-ef1234567890,28c7ec00-e3b2-4082-84da-4900bef44c00,4ac42da8-a7bd-49b7-9087-1a46102d7e6a,member,2026-05-19T07:00:00+00:00
a1b2c3d4-e5f6-7890-abcd-ef1234567890,28c7ec00-e3b2-4082-84da-4900bef44c00,df776239-9e3d-4772-abc8-9e0430e4d228,member,2026-05-19T07:00:00+00:00
a1b2c3d4-e5f6-7890-abcd-ef1234567890,28c7ec00-e3b2-4082-84da-4900bef44c00,ac1d3391-705c-4f4c-9567-c89a8680f0e8,member,2026-05-19T07:00:00+00:00
a1b2c3d4-e5f6-7890-abcd-ef1234567890,28c7ec00-e3b2-4082-84da-4900bef44c00,f1280a65-993e-4c4e-add9-145e1fc6a314,member,2026-05-19T07:00:00+00:00
a1b2c3d4-e5f6-7890-abcd-ef1234567890,28c7ec00-e3b2-4082-84da-4900bef44c00,7def619d-b676-44e5-b42b-d28b19d5c693,member,2026-05-19T07:00:00+00:00
a1b2c3d4-e5f6-7890-abcd-ef1234567890,28c7ec00-e3b2-4082-84da-4900bef44c00,a8644c14-392e-4e8b-803c-5b6021954430,member,2026-05-19T07:00:00+00:00
a1b2c3d4-e5f6-7890-abcd-ef1234567890,28c7ec00-e3b2-4082-84da-4900bef44c00,f188a990-f216-44ce-9dc2-58ecd4665408,member,2026-05-19T07:00:00+00:00
a1b2c3d4-e5f6-7890-abcd-ef1234567890,28c7ec00-e3b2-4082-84da-4900bef44c00,ffbd5a73-9fa9-4c95-aaa7-52500210162a,member,2026-05-19T07:00:00+00:00
a1b2c3d4-e5f6-7890-abcd-ef1234567890,28c7ec00-e3b2-4082-84da-4900bef44c00,2ca56b41-1963-49f7-b1ac-562dd7aef21b,member,2026-05-19T07:00:00+00:00
a1b2c3d4-e5f6-7890-abcd-ef1234567890,28c7ec00-e3b2-4082-84da-4900bef44c00,c3147448-1f30-4112-8623-e05c4f0204cb,member,2026-05-19T07:00:00+00:00
a1b2c3d4-e5f6-7890-abcd-ef1234567890,28c7ec00-e3b2-4082-84da-4900bef44c00,da32145b-e55e-4afc-b21c-80fcedbf5035,member,2026-05-19T07:00:00+00:00
a1b2c3d4-e5f6-7890-abcd-ef1234567890,28c7ec00-e3b2-4082-84da-4900bef44c00,f5bd0df8-0f24-4da1-9c2a-29cbcdd49013,member,2026-05-19T07:00:00+00:00
a1b2c3d4-e5f6-7890-abcd-ef1234567890,28c7ec00-e3b2-4082-84da-4900bef44c00,a9acade6-169f-4eb4-a03a-7b17c7b81e6b,member,2026-05-19T07:00:00+00:00
a1b2c3d4-e5f6-7890-abcd-ef1234567890,28c7ec00-e3b2-4082-84da-4900bef44c00,ffc4c2aa-f03e-43cf-853d-b759789db889,member,2026-05-19T07:00:00+00:00
a1b2c3d4-e5f6-7890-abcd-ef1234567890,28c7ec00-e3b2-4082-84da-4900bef44c00,b097086a-e274-432b-8ac6-a2a47e667f42,member,2026-05-19T07:00:00+00:00
a1b2c3d4-e5f6-7890-abcd-ef1234567890,28c7ec00-e3b2-4082-84da-4900bef44c00,42106f82-f6d1-4cbb-a9b0-4d38e8aecd73,member,2026-05-19T07:00:00+00:00
a1b2c3d4-e5f6-7890-abcd-ef1234567890,28c7ec00-e3b2-4082-84da-4900bef44c00,e92d252f-4928-43bf-8bc0-0de5bb1cf620,member,2026-05-19T07:00:00+00:00
a1b2c3d4-e5f6-7890-abcd-ef1234567890,28c7ec00-e3b2-4082-84da-4900bef44c00,b7040779-c178-4020-a81d-c10ee8ea7a6b,member,2026-05-19T07:00:00+00:00
a1b2c3d4-e5f6-7890-abcd-ef1234567890,fe69b548-b4a2-49e1-9c6f-00b1ad2ae287,84f475e1-a2e7-4bd3-b707-cbde1ac47889,member,2026-05-19T07:00:00+00:00
a1b2c3d4-e5f6-7890-abcd-ef1234567890,fe69b548-b4a2-49e1-9c6f-00b1ad2ae287,a67ed097-1fd8-41ec-9722-d85cbce518cd,member,2026-05-19T07:00:00+00:00
a1b2c3d4-e5f6-7890-abcd-ef1234567890,fe69b548-b4a2-49e1-9c6f-00b1ad2ae287,83171eb1-9a1f-4e60-8b41-77a5e23a6665,member,2026-05-19T07:00:00+00:00
a1b2c3d4-e5f6-7890-abcd-ef1234567890,fe69b548-b4a2-49e1-9c6f-00b1ad2ae287,ff0bc7a7-67e3-4733-8baf-92567f394270,member,2026-05-19T07:00:00+00:00
a1b2c3d4-e5f6-7890-abcd-ef1234567890,fe69b548-b4a2-49e1-9c6f-00b1ad2ae287,ed03c5ea-87e8-42c8-85fc-c50fb29c3a04,member,2026-05-19T07:00:00+00:00
a1b2c3d4-e5f6-7890-abcd-ef1234567890,fe69b548-b4a2-49e1-9c6f-00b1ad2ae287,b05a7493-5126-497f-86c6-a6b7cc2903e0,member,2026-05-19T07:00:00+00:00
a1b2c3d4-e5f6-7890-abcd-ef1234567890,fe69b548-b4a2-49e1-9c6f-00b1ad2ae287,4b8a8d31-5494-47e0-9149-6515506629bc,member,2026-05-19T07:00:00+00:00
a1b2c3d4-e5f6-7890-abcd-ef1234567890,fe69b548-b4a2-49e1-9c6f-00b1ad2ae287,41dc9a72-0ee0-4c0d-9cd8-47208235dece,member,2026-05-19T07:00:00+00:00
a1b2c3d4-e5f6-7890-abcd-ef1234567890,fe69b548-b4a2-49e1-9c6f-00b1ad2ae287,33425ed5-51b0-4dd6-90be-70adfff95e60,member,2026-05-19T07:00:00+00:00
a1b2c3d4-e5f6-7890-abcd-ef1234567890,fe69b548-b4a2-49e1-9c6f-00b1ad2ae287,7f6677f1-cea1-4211-8eb8-172eefcfcdbc,member,2026-05-19T07:00:00+00:00
a1b2c3d4-e5f6-7890-abcd-ef1234567890,fe69b548-b4a2-49e1-9c6f-00b1ad2ae287,9cbd5ac5-9362-4f3b-89ce-96d8390888fc,member,2026-05-19T07:00:00+00:00
a1b2c3d4-e5f6-7890-abcd-ef1234567890,fe69b548-b4a2-49e1-9c6f-00b1ad2ae287,cd30cda3-82f9-4030-88ef-bfdcad3bf6ed,member,2026-05-19T07:00:00+00:00
a1b2c3d4-e5f6-7890-abcd-ef1234567890,d6f30198-bbf7-48a0-8435-57ee5f9eae32,98138dfd-a67a-414f-aaaa-84c1a9988b1b,member,2026-05-19T07:00:00+00:00
a1b2c3d4-e5f6-7890-abcd-ef1234567890,d6f30198-bbf7-48a0-8435-57ee5f9eae32,e2785795-4a3e-4e76-88d9-bb7e6ce77bfd,member,2026-05-19T07:00:00+00:00
a1b2c3d4-e5f6-7890-abcd-ef1234567890,d6f30198-bbf7-48a0-8435-57ee5f9eae32,75c502c2-5855-4f87-8049-4e2481ffa169,member,2026-05-19T07:00:00+00:00
a1b2c3d4-e5f6-7890-abcd-ef1234567890,d6f30198-bbf7-48a0-8435-57ee5f9eae32,c7b6be19-561a-40f8-b3c0-0c5fd54e979b,member,2026-05-19T07:00:00+00:00
a1b2c3d4-e5f6-7890-abcd-ef1234567890,d6f30198-bbf7-48a0-8435-57ee5f9eae32,a92d8c73-ef27-41bd-99b3-905f5adb256f,member,2026-05-19T07:00:00+00:00
a1b2c3d4-e5f6-7890-abcd-ef1234567890,d6f30198-bbf7-48a0-8435-57ee5f9eae32,3dadc4a4-539b-4682-9f2f-1c2d90c49a53,member,2026-05-19T07:00:00+00:00
a1b2c3d4-e5f6-7890-abcd-ef1234567890,d6f30198-bbf7-48a0-8435-57ee5f9eae32,5382ab43-3de8-4bea-9a77-e0de4986fd60,member,2026-05-19T07:00:00+00:00
a1b2c3d4-e5f6-7890-abcd-ef1234567890,d6f30198-bbf7-48a0-8435-57ee5f9eae32,b45b4ac0-d01c-4a88-991e-1df48b3b8855,member,2026-05-19T07:00:00+00:00
a1b2c3d4-e5f6-7890-abcd-ef1234567890,d6f30198-bbf7-48a0-8435-57ee5f9eae32,0faaebb9-0d77-4c27-bf9a-f259310893f3,member,2026-05-19T07:00:00+00:00
a1b2c3d4-e5f6-7890-abcd-ef1234567890,d6f30198-bbf7-48a0-8435-57ee5f9eae32,4da4650f-1dd2-4d92-a2b4-74e9462fdcb6,member,2026-05-19T07:00:00+00:00
a1b2c3d4-e5f6-7890-abcd-ef1234567890,d6f30198-bbf7-48a0-8435-57ee5f9eae32,eafe4c9f-6ac6-40ba-bd73-c4a02a3ba7f4,member,2026-05-19T07:00:00+00:00
a1b2c3d4-e5f6-7890-abcd-ef1234567890,d6f30198-bbf7-48a0-8435-57ee5f9eae32,ec083fee-89dc-4809-a08c-e455b692bb33,member,2026-05-19T07:00:00+00:00
a1b2c3d4-e5f6-7890-abcd-ef1234567890,d6f30198-bbf7-48a0-8435-57ee5f9eae32,bf0049ca-7929-472d-8c37-5e1b190b0d93,member,2026-05-19T07:00:00+00:00
a1b2c3d4-e5f6-7890-abcd-ef1234567890,d6f30198-bbf7-48a0-8435-57ee5f9eae32,26fc0e8d-740f-4d03-a3b3-6005ec33d5be,member,2026-05-19T07:00:00+00:00
a1b2c3d4-e5f6-7890-abcd-ef1234567890,d6f30198-bbf7-48a0-8435-57ee5f9eae32,b31f4a73-88ea-4356-8848-7a01f5acec1f,member,2026-05-19T07:00:00+00:00
a1b2c3d4-e5f6-7890-abcd-ef1234567890,d6f30198-bbf7-48a0-8435-57ee5f9eae32,d4a5f667-1bc6-4e35-b9db-7cb12b8fecb4,member,2026-05-19T07:00:00+00:00
a1b2c3d4-e5f6-7890-abcd-ef1234567890,d6f30198-bbf7-48a0-8435-57ee5f9eae32,913c87b6-9acc-4fa3-a818-367dc41a8082,member,2026-05-19T07:00:00+00:00
a1b2c3d4-e5f6-7890-abcd-ef1234567890,d6f30198-bbf7-48a0-8435-57ee5f9eae32,28f80f41-4287-45ab-991e-6cd3afe0330b,member,2026-05-19T07:00:00+00:00
a1b2c3d4-e5f6-7890-abcd-ef1234567890,d6f30198-bbf7-48a0-8435-57ee5f9eae32,b39f0a46-2f99-4d61-8959-d16cdbf493b3,member,2026-05-19T07:00:00+00:00
a1b2c3d4-e5f6-7890-abcd-ef1234567890,d6f30198-bbf7-48a0-8435-57ee5f9eae32,c8037612-3041-4b01-901e-842ec942b965,member,2026-05-19T07:00:00+00:00
a1b2c3d4-e5f6-7890-abcd-ef1234567890,d6f30198-bbf7-48a0-8435-57ee5f9eae32,a618c16b-a51f-401f-a9fa-3e8fa9ee3a8f,member,2026-05-19T07:00:00+00:00
a1b2c3d4-e5f6-7890-abcd-ef1234567890,d6f30198-bbf7-48a0-8435-57ee5f9eae32,ef4a231b-855e-470d-811c-063fe943b8fa,member,2026-05-19T07:00:00+00:00
a1b2c3d4-e5f6-7890-abcd-ef1234567890,d6f30198-bbf7-48a0-8435-57ee5f9eae32,1f333766-d59f-48a7-96c9-6f184d30c72d,member,2026-05-19T07:00:00+00:00
a1b2c3d4-e5f6-7890-abcd-ef1234567890,d6f30198-bbf7-48a0-8435-57ee5f9eae32,7349890a-5966-4d6e-aa11-087615533cdf,member,2026-05-19T07:00:00+00:00
a1b2c3d4-e5f6-7890-abcd-ef1234567890,d6f30198-bbf7-48a0-8435-57ee5f9eae32,52b08e5b-7ad2-43d8-81e1-4dab6be35db8,member,2026-05-19T07:00:00+00:00
a1b2c3d4-e5f6-7890-abcd-ef1234567890,d6f30198-bbf7-48a0-8435-57ee5f9eae32,9783ec72-1cb7-43d2-aefe-ba6ad66a8388,member,2026-05-19T07:00:00+00:00
a1b2c3d4-e5f6-7890-abcd-ef1234567890,d6f30198-bbf7-48a0-8435-57ee5f9eae32,9ef58bca-c4e0-41df-8c11-103c9f87eef0,member,2026-05-19T07:00:00+00:00
a1b2c3d4-e5f6-7890-abcd-ef1234567890,d6f30198-bbf7-48a0-8435-57ee5f9eae32,05986422-37d4-481e-8762-0affd37f2999,member,2026-05-19T07:00:00+00:00
a1b2c3d4-e5f6-7890-abcd-ef1234567890,d6f30198-bbf7-48a0-8435-57ee5f9eae32,5f4b5ac8-094a-48c0-b188-4a25715f8a13,member,2026-05-19T07:00:00+00:00
a1b2c3d4-e5f6-7890-abcd-ef1234567890,d6f30198-bbf7-48a0-8435-57ee5f9eae32,56ad3783-a7ac-4c36-bb49-ab974c20201b,member,2026-05-19T07:00:00+00:00
a1b2c3d4-e5f6-7890-abcd-ef1234567890,d6f30198-bbf7-48a0-8435-57ee5f9eae32,f5f7483f-3944-4c03-8fb6-ad2fb9e212fc,member,2026-05-19T07:00:00+00:00
a1b2c3d4-e5f6-7890-abcd-ef1234567890,d6f30198-bbf7-48a0-8435-57ee5f9eae32,76cb1c69-fd2c-43ec-86e4-cfdb6cde4e34,member,2026-05-19T07:00:00+00:00
a1b2c3d4-e5f6-7890-abcd-ef1234567890,d6f30198-bbf7-48a0-8435-57ee5f9eae32,c05a8535-8935-4275-9e9f-85fd9925f6c8,member,2026-05-19T07:00:00+00:00
a1b2c3d4-e5f6-7890-abcd-ef1234567890,d6f30198-bbf7-48a0-8435-57ee5f9eae32,17a8dee4-a040-4597-9aa9-f9c825b94da6,member,2026-05-19T07:00:00+00:00
a1b2c3d4-e5f6-7890-abcd-ef1234567890,d6f30198-bbf7-48a0-8435-57ee5f9eae32,fc4c9fb3-515c-48ba-9c27-3a79fc671970,member,2026-05-19T07:00:00+00:00
a1b2c3d4-e5f6-7890-abcd-ef1234567890,c5f0aa72-dab2-4f7f-a55d-07b8ba16252a,b2d0da32-671a-4b0e-a284-317936e34cfa,member,2026-05-19T07:00:00+00:00
a1b2c3d4-e5f6-7890-abcd-ef1234567890,c5f0aa72-dab2-4f7f-a55d-07b8ba16252a,98138dfd-a67a-414f-aaaa-84c1a9988b1b,member,2026-05-19T07:00:00+00:00
a1b2c3d4-e5f6-7890-abcd-ef1234567890,c5f0aa72-dab2-4f7f-a55d-07b8ba16252a,e2785795-4a3e-4e76-88d9-bb7e6ce77bfd,member,2026-05-19T07:00:00+00:00
a1b2c3d4-e5f6-7890-abcd-ef1234567890,c5f0aa72-dab2-4f7f-a55d-07b8ba16252a,75c502c2-5855-4f87-8049-4e2481ffa169,member,2026-05-19T07:00:00+00:00
a1b2c3d4-e5f6-7890-abcd-ef1234567890,c5f0aa72-dab2-4f7f-a55d-07b8ba16252a,c7b6be19-561a-40f8-b3c0-0c5fd54e979b,member,2026-05-19T07:00:00+00:00
a1b2c3d4-e5f6-7890-abcd-ef1234567890,c5f0aa72-dab2-4f7f-a55d-07b8ba16252a,a92d8c73-ef27-41bd-99b3-905f5adb256f,member,2026-05-19T07:00:00+00:00
a1b2c3d4-e5f6-7890-abcd-ef1234567890,c5f0aa72-dab2-4f7f-a55d-07b8ba16252a,3dadc4a4-539b-4682-9f2f-1c2d90c49a53,member,2026-05-19T07:00:00+00:00
a1b2c3d4-e5f6-7890-abcd-ef1234567890,c5f0aa72-dab2-4f7f-a55d-07b8ba16252a,5382ab43-3de8-4bea-9a77-e0de4986fd60,member,2026-05-19T07:00:00+00:00
a1b2c3d4-e5f6-7890-abcd-ef1234567890,c5f0aa72-dab2-4f7f-a55d-07b8ba16252a,b45b4ac0-d01c-4a88-991e-1df48b3b8855,member,2026-05-19T07:00:00+00:00
a1b2c3d4-e5f6-7890-abcd-ef1234567890,c5f0aa72-dab2-4f7f-a55d-07b8ba16252a,0faaebb9-0d77-4c27-bf9a-f259310893f3,member,2026-05-19T07:00:00+00:00
a1b2c3d4-e5f6-7890-abcd-ef1234567890,c5f0aa72-dab2-4f7f-a55d-07b8ba16252a,4da4650f-1dd2-4d92-a2b4-74e9462fdcb6,member,2026-05-19T07:00:00+00:00
a1b2c3d4-e5f6-7890-abcd-ef1234567890,c5f0aa72-dab2-4f7f-a55d-07b8ba16252a,eafe4c9f-6ac6-40ba-bd73-c4a02a3ba7f4,member,2026-05-19T07:00:00+00:00
a1b2c3d4-e5f6-7890-abcd-ef1234567890,c5f0aa72-dab2-4f7f-a55d-07b8ba16252a,ec083fee-89dc-4809-a08c-e455b692bb33,member,2026-05-19T07:00:00+00:00
a1b2c3d4-e5f6-7890-abcd-ef1234567890,c5f0aa72-dab2-4f7f-a55d-07b8ba16252a,bf0049ca-7929-472d-8c37-5e1b190b0d93,member,2026-05-19T07:00:00+00:00
a1b2c3d4-e5f6-7890-abcd-ef1234567890,c5f0aa72-dab2-4f7f-a55d-07b8ba16252a,26fc0e8d-740f-4d03-a3b3-6005ec33d5be,member,2026-05-19T07:00:00+00:00
a1b2c3d4-e5f6-7890-abcd-ef1234567890,c5f0aa72-dab2-4f7f-a55d-07b8ba16252a,b31f4a73-88ea-4356-8848-7a01f5acec1f,member,2026-05-19T07:00:00+00:00
a1b2c3d4-e5f6-7890-abcd-ef1234567890,c5f0aa72-dab2-4f7f-a55d-07b8ba16252a,50138186-c833-44b7-a712-3590fdc543e1,member,2026-05-19T07:00:00+00:00
a1b2c3d4-e5f6-7890-abcd-ef1234567890,c5f0aa72-dab2-4f7f-a55d-07b8ba16252a,a956349b-9cec-41a5-a2f1-3fb7ddfe5899,member,2026-05-19T07:00:00+00:00
a1b2c3d4-e5f6-7890-abcd-ef1234567890,c5f0aa72-dab2-4f7f-a55d-07b8ba16252a,341d93fc-e858-4b42-a475-4d659eaf1624,member,2026-05-19T07:00:00+00:00
a1b2c3d4-e5f6-7890-abcd-ef1234567890,c5f0aa72-dab2-4f7f-a55d-07b8ba16252a,d23cf707-6eb2-403b-a004-717a94328369,member,2026-05-19T07:00:00+00:00
a1b2c3d4-e5f6-7890-abcd-ef1234567890,c5f0aa72-dab2-4f7f-a55d-07b8ba16252a,1956c9af-b9e9-4aa7-8db7-637c6965e1ce,member,2026-05-19T07:00:00+00:00
a1b2c3d4-e5f6-7890-abcd-ef1234567890,c5f0aa72-dab2-4f7f-a55d-07b8ba16252a,af9ec7fd-4548-4e84-bb6a-2644b814a1c2,member,2026-05-19T07:00:00+00:00
a1b2c3d4-e5f6-7890-abcd-ef1234567890,c5f0aa72-dab2-4f7f-a55d-07b8ba16252a,c817eb32-14a7-4851-b8a6-b681aaf4a8c5,member,2026-05-19T07:00:00+00:00
a1b2c3d4-e5f6-7890-abcd-ef1234567890,c5f0aa72-dab2-4f7f-a55d-07b8ba16252a,a61ba7b5-2323-4100-998f-2d7e9cc681b4,member,2026-05-19T07:00:00+00:00
a1b2c3d4-e5f6-7890-abcd-ef1234567890,c5f0aa72-dab2-4f7f-a55d-07b8ba16252a,2fc99752-253f-4adc-bd18-24baf3303891,member,2026-05-19T07:00:00+00:00
a1b2c3d4-e5f6-7890-abcd-ef1234567890,c5f0aa72-dab2-4f7f-a55d-07b8ba16252a,be5c97ce-30da-44cc-aed2-f3c2f10b5d4c,member,2026-05-19T07:00:00+00:00
a1b2c3d4-e5f6-7890-abcd-ef1234567890,c5f0aa72-dab2-4f7f-a55d-07b8ba16252a,f8f1286a-e039-4151-a30a-16d19af6bb81,member,2026-05-19T07:00:00+00:00
a1b2c3d4-e5f6-7890-abcd-ef1234567890,c5f0aa72-dab2-4f7f-a55d-07b8ba16252a,fb3ec460-6148-4a19-a3a1-8f79d5cea976,member,2026-05-19T07:00:00+00:00
a1b2c3d4-e5f6-7890-abcd-ef1234567890,c5f0aa72-dab2-4f7f-a55d-07b8ba16252a,b984bdef-12b6-45e7-a16c-654863aa1c6c,member,2026-05-19T07:00:00+00:00
a1b2c3d4-e5f6-7890-abcd-ef1234567890,c5f0aa72-dab2-4f7f-a55d-07b8ba16252a,7933fa66-88d0-49d3-a8c7-366187a98ca2,member,2026-05-19T07:00:00+00:00
a1b2c3d4-e5f6-7890-abcd-ef1234567890,c5f0aa72-dab2-4f7f-a55d-07b8ba16252a,dcb08680-54bb-4ddc-91b2-7032cd31e587,member,2026-05-19T07:00:00+00:00
a1b2c3d4-e5f6-7890-abcd-ef1234567890,d04e696f-0983-46a9-ab92-5fd035467b17,b2d0da32-671a-4b0e-a284-317936e34cfa,member,2026-05-19T07:00:00+00:00
a1b2c3d4-e5f6-7890-abcd-ef1234567890,d04e696f-0983-46a9-ab92-5fd035467b17,98138dfd-a67a-414f-aaaa-84c1a9988b1b,member,2026-05-19T07:00:00+00:00
a1b2c3d4-e5f6-7890-abcd-ef1234567890,d04e696f-0983-46a9-ab92-5fd035467b17,e2785795-4a3e-4e76-88d9-bb7e6ce77bfd,member,2026-05-19T07:00:00+00:00
a1b2c3d4-e5f6-7890-abcd-ef1234567890,d04e696f-0983-46a9-ab92-5fd035467b17,75c502c2-5855-4f87-8049-4e2481ffa169,member,2026-05-19T07:00:00+00:00
a1b2c3d4-e5f6-7890-abcd-ef1234567890,d04e696f-0983-46a9-ab92-5fd035467b17,c7b6be19-561a-40f8-b3c0-0c5fd54e979b,member,2026-05-19T07:00:00+00:00
a1b2c3d4-e5f6-7890-abcd-ef1234567890,d04e696f-0983-46a9-ab92-5fd035467b17,a92d8c73-ef27-41bd-99b3-905f5adb256f,member,2026-05-19T07:00:00+00:00
a1b2c3d4-e5f6-7890-abcd-ef1234567890,d04e696f-0983-46a9-ab92-5fd035467b17,3dadc4a4-539b-4682-9f2f-1c2d90c49a53,member,2026-05-19T07:00:00+00:00
a1b2c3d4-e5f6-7890-abcd-ef1234567890,d04e696f-0983-46a9-ab92-5fd035467b17,5382ab43-3de8-4bea-9a77-e0de4986fd60,member,2026-05-19T07:00:00+00:00
a1b2c3d4-e5f6-7890-abcd-ef1234567890,d04e696f-0983-46a9-ab92-5fd035467b17,b45b4ac0-d01c-4a88-991e-1df48b3b8855,member,2026-05-19T07:00:00+00:00
a1b2c3d4-e5f6-7890-abcd-ef1234567890,d04e696f-0983-46a9-ab92-5fd035467b17,0faaebb9-0d77-4c27-bf9a-f259310893f3,member,2026-05-19T07:00:00+00:00
a1b2c3d4-e5f6-7890-abcd-ef1234567890,d04e696f-0983-46a9-ab92-5fd035467b17,4da4650f-1dd2-4d92-a2b4-74e9462fdcb6,member,2026-05-19T07:00:00+00:00
a1b2c3d4-e5f6-7890-abcd-ef1234567890,d04e696f-0983-46a9-ab92-5fd035467b17,eafe4c9f-6ac6-40ba-bd73-c4a02a3ba7f4,member,2026-05-19T07:00:00+00:00
a1b2c3d4-e5f6-7890-abcd-ef1234567890,d04e696f-0983-46a9-ab92-5fd035467b17,ec083fee-89dc-4809-a08c-e455b692bb33,member,2026-05-19T07:00:00+00:00
a1b2c3d4-e5f6-7890-abcd-ef1234567890,d04e696f-0983-46a9-ab92-5fd035467b17,bf0049ca-7929-472d-8c37-5e1b190b0d93,member,2026-05-19T07:00:00+00:00
a1b2c3d4-e5f6-7890-abcd-ef1234567890,d04e696f-0983-46a9-ab92-5fd035467b17,26fc0e8d-740f-4d03-a3b3-6005ec33d5be,member,2026-05-19T07:00:00+00:00
a1b2c3d4-e5f6-7890-abcd-ef1234567890,d04e696f-0983-46a9-ab92-5fd035467b17,b31f4a73-88ea-4356-8848-7a01f5acec1f,member,2026-05-19T07:00:00+00:00
a1b2c3d4-e5f6-7890-abcd-ef1234567890,d04e696f-0983-46a9-ab92-5fd035467b17,d4a5f667-1bc6-4e35-b9db-7cb12b8fecb4,member,2026-05-19T07:00:00+00:00
a1b2c3d4-e5f6-7890-abcd-ef1234567890,d04e696f-0983-46a9-ab92-5fd035467b17,913c87b6-9acc-4fa3-a818-367dc41a8082,member,2026-05-19T07:00:00+00:00
a1b2c3d4-e5f6-7890-abcd-ef1234567890,d04e696f-0983-46a9-ab92-5fd035467b17,28f80f41-4287-45ab-991e-6cd3afe0330b,member,2026-05-19T07:00:00+00:00
a1b2c3d4-e5f6-7890-abcd-ef1234567890,d04e696f-0983-46a9-ab92-5fd035467b17,b39f0a46-2f99-4d61-8959-d16cdbf493b3,member,2026-05-19T07:00:00+00:00
a1b2c3d4-e5f6-7890-abcd-ef1234567890,d04e696f-0983-46a9-ab92-5fd035467b17,c8037612-3041-4b01-901e-842ec942b965,member,2026-05-19T07:00:00+00:00
a1b2c3d4-e5f6-7890-abcd-ef1234567890,d04e696f-0983-46a9-ab92-5fd035467b17,a956349b-9cec-41a5-a2f1-3fb7ddfe5899,member,2026-05-19T07:00:00+00:00
a1b2c3d4-e5f6-7890-abcd-ef1234567890,d04e696f-0983-46a9-ab92-5fd035467b17,d23cf707-6eb2-403b-a004-717a94328369,member,2026-05-19T07:00:00+00:00
a1b2c3d4-e5f6-7890-abcd-ef1234567890,d04e696f-0983-46a9-ab92-5fd035467b17,1956c9af-b9e9-4aa7-8db7-637c6965e1ce,member,2026-05-19T07:00:00+00:00
a1b2c3d4-e5f6-7890-abcd-ef1234567890,d04e696f-0983-46a9-ab92-5fd035467b17,9faf6580-731b-4a0b-b157-a8b639646371,member,2026-05-19T07:00:00+00:00
a1b2c3d4-e5f6-7890-abcd-ef1234567890,d04e696f-0983-46a9-ab92-5fd035467b17,24569ad7-9d9d-4a93-b8e4-527aaeb77d84,member,2026-05-19T07:00:00+00:00
a1b2c3d4-e5f6-7890-abcd-ef1234567890,d04e696f-0983-46a9-ab92-5fd035467b17,af5d451a-6182-4215-8369-77aa6756033f,member,2026-05-19T07:00:00+00:00
a1b2c3d4-e5f6-7890-abcd-ef1234567890,d04e696f-0983-46a9-ab92-5fd035467b17,dd71026f-9b78-4ae3-95c0-8f7449f2c99c,member,2026-05-19T07:00:00+00:00
a1b2c3d4-e5f6-7890-abcd-ef1234567890,d04e696f-0983-46a9-ab92-5fd035467b17,c5476e33-730f-451c-8860-02872668b34c,member,2026-05-19T07:00:00+00:00
a1b2c3d4-e5f6-7890-abcd-ef1234567890,d04e696f-0983-46a9-ab92-5fd035467b17,5a4bc483-7e6c-4e0e-827d-14690d0f0e96,member,2026-05-19T07:00:00+00:00
a1b2c3d4-e5f6-7890-abcd-ef1234567890,d04e696f-0983-46a9-ab92-5fd035467b17,f0b2834f-fe5a-480b-b875-61c9b08f2f56,member,2026-05-19T07:00:00+00:00
a1b2c3d4-e5f6-7890-abcd-ef1234567890,d04e696f-0983-46a9-ab92-5fd035467b17,f2d7c275-ff98-4986-bdff-d4aa44512a29,member,2026-05-19T07:00:00+00:00
a1b2c3d4-e5f6-7890-abcd-ef1234567890,d04e696f-0983-46a9-ab92-5fd035467b17,caf6dd57-e082-4652-9e73-3a94f1fa1eb5,member,2026-05-19T07:00:00+00:00
a1b2c3d4-e5f6-7890-abcd-ef1234567890,d04e696f-0983-46a9-ab92-5fd035467b17,a47939b7-651d-45dd-99fd-86184216d8ad,member,2026-05-19T07:00:00+00:00
a1b2c3d4-e5f6-7890-abcd-ef1234567890,d04e696f-0983-46a9-ab92-5fd035467b17,b813c598-a673-44e5-8738-72aaff15b6e3,member,2026-05-19T07:00:00+00:00
a1b2c3d4-e5f6-7890-abcd-ef1234567890,d04e696f-0983-46a9-ab92-5fd035467b17,b454f23c-49d9-4578-98f5-e75b52f0fba7,member,2026-05-19T07:00:00+00:00
a1b2c3d4-e5f6-7890-abcd-ef1234567890,68e3a051-fbd4-49de-9f85-2b0b51d5ca58,ffe94729-67ac-4c71-b2b7-15f9ff4a401f,member,2026-05-19T07:00:00+00:00
a1b2c3d4-e5f6-7890-abcd-ef1234567890,68e3a051-fbd4-49de-9f85-2b0b51d5ca58,a956349b-9cec-41a5-a2f1-3fb7ddfe5899,member,2026-05-19T07:00:00+00:00
a1b2c3d4-e5f6-7890-abcd-ef1234567890,68e3a051-fbd4-49de-9f85-2b0b51d5ca58,341d93fc-e858-4b42-a475-4d659eaf1624,member,2026-05-19T07:00:00+00:00
a1b2c3d4-e5f6-7890-abcd-ef1234567890,68e3a051-fbd4-49de-9f85-2b0b51d5ca58,d23cf707-6eb2-403b-a004-717a94328369,member,2026-05-19T07:00:00+00:00
a1b2c3d4-e5f6-7890-abcd-ef1234567890,68e3a051-fbd4-49de-9f85-2b0b51d5ca58,af9ec7fd-4548-4e84-bb6a-2644b814a1c2,member,2026-05-19T07:00:00+00:00
a1b2c3d4-e5f6-7890-abcd-ef1234567890,68e3a051-fbd4-49de-9f85-2b0b51d5ca58,2fc99752-253f-4adc-bd18-24baf3303891,member,2026-05-19T07:00:00+00:00
a1b2c3d4-e5f6-7890-abcd-ef1234567890,68e3a051-fbd4-49de-9f85-2b0b51d5ca58,60287b7a-231b-4282-8b36-0214b330d8a3,member,2026-05-19T07:00:00+00:00
a1b2c3d4-e5f6-7890-abcd-ef1234567890,68e3a051-fbd4-49de-9f85-2b0b51d5ca58,24569ad7-9d9d-4a93-b8e4-527aaeb77d84,member,2026-05-19T07:00:00+00:00
a1b2c3d4-e5f6-7890-abcd-ef1234567890,68e3a051-fbd4-49de-9f85-2b0b51d5ca58,2593d89d-3e80-4246-83d8-4db00502d660,member,2026-05-19T07:00:00+00:00
a1b2c3d4-e5f6-7890-abcd-ef1234567890,68e3a051-fbd4-49de-9f85-2b0b51d5ca58,69e1b285-4629-4b66-908e-86c60a628cd0,member,2026-05-19T07:00:00+00:00
a1b2c3d4-e5f6-7890-abcd-ef1234567890,68e3a051-fbd4-49de-9f85-2b0b51d5ca58,531ebf9b-7612-474b-b468-7d77024181c7,member,2026-05-19T07:00:00+00:00
a1b2c3d4-e5f6-7890-abcd-ef1234567890,7a6c69cf-a5b7-4abe-ab63-7f80c100d84a,b2d0da32-671a-4b0e-a284-317936e34cfa,member,2026-05-19T07:00:00+00:00
a1b2c3d4-e5f6-7890-abcd-ef1234567890,7a6c69cf-a5b7-4abe-ab63-7f80c100d84a,98138dfd-a67a-414f-aaaa-84c1a9988b1b,member,2026-05-19T07:00:00+00:00
a1b2c3d4-e5f6-7890-abcd-ef1234567890,7a6c69cf-a5b7-4abe-ab63-7f80c100d84a,e2785795-4a3e-4e76-88d9-bb7e6ce77bfd,member,2026-05-19T07:00:00+00:00
a1b2c3d4-e5f6-7890-abcd-ef1234567890,7a6c69cf-a5b7-4abe-ab63-7f80c100d84a,75c502c2-5855-4f87-8049-4e2481ffa169,member,2026-05-19T07:00:00+00:00
a1b2c3d4-e5f6-7890-abcd-ef1234567890,7a6c69cf-a5b7-4abe-ab63-7f80c100d84a,c7b6be19-561a-40f8-b3c0-0c5fd54e979b,member,2026-05-19T07:00:00+00:00
a1b2c3d4-e5f6-7890-abcd-ef1234567890,7a6c69cf-a5b7-4abe-ab63-7f80c100d84a,a92d8c73-ef27-41bd-99b3-905f5adb256f,member,2026-05-19T07:00:00+00:00
a1b2c3d4-e5f6-7890-abcd-ef1234567890,7a6c69cf-a5b7-4abe-ab63-7f80c100d84a,3dadc4a4-539b-4682-9f2f-1c2d90c49a53,member,2026-05-19T07:00:00+00:00
a1b2c3d4-e5f6-7890-abcd-ef1234567890,7a6c69cf-a5b7-4abe-ab63-7f80c100d84a,5382ab43-3de8-4bea-9a77-e0de4986fd60,member,2026-05-19T07:00:00+00:00
a1b2c3d4-e5f6-7890-abcd-ef1234567890,7a6c69cf-a5b7-4abe-ab63-7f80c100d84a,b45b4ac0-d01c-4a88-991e-1df48b3b8855,member,2026-05-19T07:00:00+00:00
a1b2c3d4-e5f6-7890-abcd-ef1234567890,7a6c69cf-a5b7-4abe-ab63-7f80c100d84a,0faaebb9-0d77-4c27-bf9a-f259310893f3,member,2026-05-19T07:00:00+00:00
a1b2c3d4-e5f6-7890-abcd-ef1234567890,7a6c69cf-a5b7-4abe-ab63-7f80c100d84a,4da4650f-1dd2-4d92-a2b4-74e9462fdcb6,member,2026-05-19T07:00:00+00:00
a1b2c3d4-e5f6-7890-abcd-ef1234567890,7a6c69cf-a5b7-4abe-ab63-7f80c100d84a,50138186-c833-44b7-a712-3590fdc543e1,member,2026-05-19T07:00:00+00:00
a1b2c3d4-e5f6-7890-abcd-ef1234567890,7a6c69cf-a5b7-4abe-ab63-7f80c100d84a,a956349b-9cec-41a5-a2f1-3fb7ddfe5899,member,2026-05-19T07:00:00+00:00
a1b2c3d4-e5f6-7890-abcd-ef1234567890,7a6c69cf-a5b7-4abe-ab63-7f80c100d84a,341d93fc-e858-4b42-a475-4d659eaf1624,member,2026-05-19T07:00:00+00:00
a1b2c3d4-e5f6-7890-abcd-ef1234567890,7a6c69cf-a5b7-4abe-ab63-7f80c100d84a,d23cf707-6eb2-403b-a004-717a94328369,member,2026-05-19T07:00:00+00:00
a1b2c3d4-e5f6-7890-abcd-ef1234567890,7a6c69cf-a5b7-4abe-ab63-7f80c100d84a,1956c9af-b9e9-4aa7-8db7-637c6965e1ce,member,2026-05-19T07:00:00+00:00
a1b2c3d4-e5f6-7890-abcd-ef1234567890,ab46f35c-5ea9-4921-9350-de4593a0572d,e5f71542-83d2-422b-90b0-4f0bdf92db57,owner,2026-05-19T07:00:00+00:00
a1b2c3d4-e5f6-7890-abcd-ef1234567890,ab46f35c-5ea9-4921-9350-de4593a0572d,b7c75ba3-3026-481b-ae2a-dd23df5c0304,owner,2026-05-19T07:00:00+00:00
a1b2c3d4-e5f6-7890-abcd-ef1234567890,ab46f35c-5ea9-4921-9350-de4593a0572d,9f93d859-cae1-45a6-9bc9-4040367068ae,owner,2026-05-19T07:00:00+00:00
a1b2c3d4-e5f6-7890-abcd-ef1234567890,ab46f35c-5ea9-4921-9350-de4593a0572d,86179a7b-ce3a-4912-b0ee-aa5c9007212b,owner,2026-05-19T07:00:00+00:00
a1b2c3d4-e5f6-7890-abcd-ef1234567890,ab46f35c-5ea9-4921-9350-de4593a0572d,13846863-25c1-48e3-91e9-a6a2f1343d37,owner,2026-05-19T07:00:00+00:00
a1b2c3d4-e5f6-7890-abcd-ef1234567890,ab46f35c-5ea9-4921-9350-de4593a0572d,714d7475-e77b-40a5-a099-0761a3d397c6,owner,2026-05-19T07:00:00+00:00
