tenant_id,plan_id,user_id,synced_at
a1b2c3d4-e5f6-7890-abcd-ef1234567890,0103059d9927460bb9e77fa8f06f,b2d0da32-671a-4b0e-a284-317936e34cfa,2026-05-19T07:00:00+00:00
a1b2c3d4-e5f6-7890-abcd-ef1234567890,0103059d9927460bb9e77fa8f06f,98138dfd-a67a-414f-aaaa-84c1a9988b1b,2026-05-19T07:00:00+00:00
a1b2c3d4-e5f6-7890-abcd-ef1234567890,0103059d9927460bb9e77fa8f06f,e2785795-4a3e-4e76-88d9-bb7e6ce77bfd,2026-05-19T07:00:00+00:00
a1b2c3d4-e5f6-7890-abcd-ef1234567890,0103059d9927460bb9e77fa8f06f,75c502c2-5855-4f87-8049-4e2481ffa169,2026-05-19T07:00:00+00:00
a1b2c3d4-e5f6-7890-abcd-ef1234567890,0103059d9927460bb9e77fa8f06f,c7b6be19-561a-40f8-b3c0-0c5fd54e979b,2026-05-19T07:00:00+00:00
a1b2c3d4-e5f6-7890-abcd-ef1234567890,0103059d9927460bb9e77fa8f06f,a92d8c73-ef27-41bd-99b3-905f5adb256f,2026-05-19T07:00:00+00:00
a1b2c3d4-e5f6-7890-abcd-ef1234567890,0103059d9927460bb9e77fa8f06f,3dadc4a4-539b-4682-9f2f-1c2d90c49a53,2026-05-19T07:00:00+00:00
a1b2c3d4-e5f6-7890-abcd-ef1234567890,0103059d9927460bb9e77fa8f06f,5382ab43-3de8-4bea-9a77-e0de4986fd60,2026-05-19T07:00:00+00:00
a1b2c3d4-e5f6-7890-abcd-ef1234567890,0103059d9927460bb9e77fa8f06f,b45b4ac0-d01c-4a88-991e-1df48b3b8855,2026-05-19T07:00:00+00:00
a1b2c3d4-e5f6-7890-abcd-ef1234567890,0103059d9927460bb9e77fa8f06f,0faaebb9-0d77-4c27-bf9a-f259310893f3,2026-05-19T07:00:00+00:00
a1b2c3d4-e5f6-7890-abcd-ef1234567890,0103059d9927460bb9e77fa8f06f,4da4650f-1dd2-4d92-a2b4-74e9462fdcb6,2026-05-19T07:00:00+00:00
a1b2c3d4-e5f6-7890-abcd-ef1234567890,0103059d9927460bb9e77fa8f06f,eafe4c9f-6ac6-40ba-bd73-c4a02a3ba7f4,2026-05-19T07:00:00+00:00
a1b2c3d4-e5f6-7890-abcd-ef1234567890,0103059d9927460bb9e77fa8f06f,ec083fee-89dc-4809-a08c-e455b692bb33,2026-05-19T07:00:00+00:00
a1b2c3d4-e5f6-7890-abcd-ef1234567890,0103059d9927460bb9e77fa8f06f,bf0049ca-7929-472d-8c37-5e1b190b0d93,2026-05-19T07:00:00+00:00
a1b2c3d4-e5f6-7890-abcd-ef1234567890,0103059d9927460bb9e77fa8f06f,26fc0e8d-740f-4d03-a3b3-6005ec33d5be,2026-05-19T07:00:00+00:00
a1b2c3d4-e5f6-7890-abcd-ef1234567890,0103059d9927460bb9e77fa8f06f,b31f4a73-88ea-4356-8848-7a01f5acec1f,2026-05-19T07:00:00+00:00
a1b2c3d4-e5f6-7890-abcd-ef1234567890,0103059d9927460bb9e77fa8f06f,50138186-c833-44b7-a712-3590fdc543e1,2026-05-19T07:00:00+00:00
a1b2c3d4-e5f6-7890-abcd-ef1234567890,0103059d9927460bb9e77fa8f06f,a956349b-9cec-41a5-a2f1-3fb7ddfe5899,2026-05-19T07:00:00+00:00
a1b2c3d4-e5f6-7890-abcd-ef1234567890,0103059d9927460bb9e77fa8f06f,341d93fc-e858-4b42-a475-4d659eaf1624,2026-05-19T07:00:00+00:00
a1b2c3d4-e5f6-7890-abcd-ef1234567890,0103059d9927460bb9e77fa8f06f,d23cf707-6eb2-403b-a004-717a94328369,2026-05-19T07:00:00+00:00
a1b2c3d4-e5f6-7890-abcd-ef1234567890,0103059d9927460bb9e77fa8f06f,1956c9af-b9e9-4aa7-8db7-637c6965e1ce,2026-05-19T07:00:00+00:00
a1b2c3d4-e5f6-7890-abcd-ef1234567890,0103059d9927460bb9e77fa8f06f,af9ec7fd-4548-4e84-bb6a-2644b814a1c2,2026-05-19T07:00:00+00:00
a1b2c3d4-e5f6-7890-abcd-ef1234567890,0103059d9927460bb9e77fa8f06f,c817eb32-14a7-4851-b8a6-b681aaf4a8c5,2026-05-19T07:00:00+00:00
a1b2c3d4-e5f6-7890-abcd-ef1234567890,0103059d9927460bb9e77fa8f06f,a61ba7b5-2323-4100-998f-2d7e9cc681b4,2026-05-19T07:00:00+00:00
a1b2c3d4-e5f6-7890-abcd-ef1234567890,0103059d9927460bb9e77fa8f06f,2fc99752-253f-4adc-bd18-24baf3303891,2026-05-19T07:00:00+00:00
a1b2c3d4-e5f6-7890-abcd-ef1234567890,0103059d9927460bb9e77fa8f06f,be5c97ce-30da-44cc-aed2-f3c2f10b5d4c,2026-05-19T07:00:00+00:00
a1b2c3d4-e5f6-7890-abcd-ef1234567890,0103059d9927460bb9e77fa8f06f,f8f1286a-e039-4151-a30a-16d19af6bb81,2026-05-19T07:00:00+00:00
a1b2c3d4-e5f6-7890-abcd-ef1234567890,0103059d9927460bb9e77fa8f06f,fb3ec460-6148-4a19-a3a1-8f79d5cea976,2026-05-19T07:00:00+00:00
a1b2c3d4-e5f6-7890-abcd-ef1234567890,0103059d9927460bb9e77fa8f06f,b984bdef-12b6-45e7-a16c-654863aa1c6c,2026-05-19T07:00:00+00:00
a1b2c3d4-e5f6-7890-abcd-ef1234567890,0103059d9927460bb9e77fa8f06f,7933fa66-88d0-49d3-a8c7-366187a98ca2,2026-05-19T07:00:00+00:00
a1b2c3d4-e5f6-7890-abcd-ef1234567890,0103059d9927460bb9e77fa8f06f,dcb08680-54bb-4ddc-91b2-7032cd31e587,2026-05-19T07:00:00+00:00
a1b2c3d4-e5f6-7890-abcd-ef1234567890,98a7f77de1f34d18955ebb11ad60,f169a203-2b09-4a4e-98b9-98b6f89a3819,2026-05-19T07:00:00+00:00
a1b2c3d4-e5f6-7890-abcd-ef1234567890,98a7f77de1f34d18955ebb11ad60,31cc1fac-8473-4c95-961d-494fce1e0455,2026-05-19T07:00:00+00:00
a1b2c3d4-e5f6-7890-abcd-ef1234567890,98a7f77de1f34d18955ebb11ad60,bc0aeedb-acad-4311-b059-d24a46aff0d2,2026-05-19T07:00:00+00:00
a1b2c3d4-e5f6-7890-abcd-ef1234567890,98a7f77de1f34d18955ebb11ad60,c333de1c-768d-4d35-bee1-fd782c711014,2026-05-19T07:00:00+00:00
a1b2c3d4-e5f6-7890-abcd-ef1234567890,98a7f77de1f34d18955ebb11ad60,25678646-5382-49ba-983a-86102d138dad,2026-05-19T07:00:00+00:00
a1b2c3d4-e5f6-7890-abcd-ef1234567890,98a7f77de1f34d18955ebb11ad60,fcaa9bc5-c68c-405e-913c-0fd2af61e407,2026-05-19T07:00:00+00:00
a1b2c3d4-e5f6-7890-abcd-ef1234567890,98a7f77de1f34d18955ebb11ad60,6ff80b14-8584-4d5e-a71e-015a187377f8,2026-05-19T07:00:00+00:00
a1b2c3d4-e5f6-7890-abcd-ef1234567890,98a7f77de1f34d18955ebb11ad60,4ac42da8-a7bd-49b7-9087-1a46102d7e6a,2026-05-19T07:00:00+00:00
a1b2c3d4-e5f6-7890-abcd-ef1234567890,98a7f77de1f34d18955ebb11ad60,df776239-9e3d-4772-abc8-9e0430e4d228,2026-05-19T07:00:00+00:00
a1b2c3d4-e5f6-7890-abcd-ef1234567890,98a7f77de1f34d18955ebb11ad60,ac1d3391-705c-4f4c-9567-c89a8680f0e8,2026-05-19T07:00:00+00:00
a1b2c3d4-e5f6-7890-abcd-ef1234567890,98a7f77de1f34d18955ebb11ad60,f1280a65-993e-4c4e-add9-145e1fc6a314,2026-05-19T07:00:00+00:00
a1b2c3d4-e5f6-7890-abcd-ef1234567890,98a7f77de1f34d18955ebb11ad60,7def619d-b676-44e5-b42b-d28b19d5c693,2026-05-19T07:00:00+00:00
a1b2c3d4-e5f6-7890-abcd-ef1234567890,98a7f77de1f34d18955ebb11ad60,a8644c14-392e-4e8b-803c-5b6021954430,2026-05-19T07:00:00+00:00
a1b2c3d4-e5f6-7890-abcd-ef1234567890,98a7f77de1f34d18955ebb11ad60,f188a990-f216-44ce-9dc2-58ecd4665408,2026-05-19T07:00:00+00:00
a1b2c3d4-e5f6-7890-abcd-ef1234567890,98a7f77de1f34d18955ebb11ad60,ffbd5a73-9fa9-4c95-aaa7-52500210162a,2026-05-19T07:00:00+00:00
a1b2c3d4-e5f6-7890-abcd-ef1234567890,98a7f77de1f34d18955ebb11ad60,2ca56b41-1963-49f7-b1ac-562dd7aef21b,2026-05-19T07:00:00+00:00
a1b2c3d4-e5f6-7890-abcd-ef1234567890,98a7f77de1f34d18955ebb11ad60,c3147448-1f30-4112-8623-e05c4f0204cb,2026-05-19T07:00:00+00:00
a1b2c3d4-e5f6-7890-abcd-ef1234567890,98a7f77de1f34d18955ebb11ad60,da32145b-e55e-4afc-b21c-80fcedbf5035,2026-05-19T07:00:00+00:00
a1b2c3d4-e5f6-7890-abcd-ef1234567890,98a7f77de1f34d18955ebb11ad60,f5bd0df8-0f24-4da1-9c2a-29cbcdd49013,2026-05-19T07:00:00+00:00
a1b2c3d4-e5f6-7890-abcd-ef1234567890,98a7f77de1f34d18955ebb11ad60,a9acade6-169f-4eb4-a03a-7b17c7b81e6b,2026-05-19T07:00:00+00:00
a1b2c3d4-e5f6-7890-abcd-ef1234567890,98a7f77de1f34d18955ebb11ad60,ffc4c2aa-f03e-43cf-853d-b759789db889,2026-05-19T07:00:00+00:00
a1b2c3d4-e5f6-7890-abcd-ef1234567890,98a7f77de1f34d18955ebb11ad60,b097086a-e274-432b-8ac6-a2a47e667f42,2026-05-19T07:00:00+00:00
a1b2c3d4-e5f6-7890-abcd-ef1234567890,98a7f77de1f34d18955ebb11ad60,42106f82-f6d1-4cbb-a9b0-4d38e8aecd73,2026-05-19T07:00:00+00:00
a1b2c3d4-e5f6-7890-abcd-ef1234567890,98a7f77de1f34d18955ebb11ad60,e92d252f-4928-43bf-8bc0-0de5bb1cf620,2026-05-19T07:00:00+00:00
a1b2c3d4-e5f6-7890-abcd-ef1234567890,98a7f77de1f34d18955ebb11ad60,b7040779-c178-4020-a81d-c10ee8ea7a6b,2026-05-19T07:00:00+00:00
a1b2c3d4-e5f6-7890-abcd-ef1234567890,98a7f77de1f34d18955ebb11ad60,8c09a9e7-9c7d-4627-ae0c-39544e99e681,2026-05-19T07:00:00+00:00
a1b2c3d4-e5f6-7890-abcd-ef1234567890,98a7f77de1f34d18955ebb11ad60,1efd5ad3-d8c1-4664-9d23-0a344614295a,2026-05-19T07:00:00+00:00
a1b2c3d4-e5f6-7890-abcd-ef1234567890,98a7f77de1f34d18955ebb11ad60,0f984f10-85b3-40d7-a63e-ae6be555b8ba,2026-05-19T07:00:00+00:00
a1b2c3d4-e5f6-7890-abcd-ef1234567890,98a7f77de1f34d18955ebb11ad60,3b8132cf-8017-43f3-8139-4807fa7157f8,2026-05-19T07:00:00+00:00
a1b2c3d4-e5f6-7890-abcd-ef1234567890,98a7f77de1f34d18955ebb11ad60,32563364-d3f9-454f-87dc-9e4a1945d3a1,2026-05-19T07:00:00+00:00
a1b2c3d4-e5f6-7890-abcd-ef1234567890,98a7f77de1f34d18955ebb11ad60,1acd2ba4-51af-4f5f-a8ea-a34bd068db1b,2026-05-19T07:00:00+00:00
a1b2c3d4-e5f6-7890-abcd-ef1234567890,98a7f77de1f34d18955ebb11ad60,283b527b-22d6-4352-8807-95f736b465d1,2026-05-19T07:00:00+00:00
a1b2c3d4-e5f6-7890-abcd-ef1234567890,98a7f77de1f34d18955ebb11ad60,28f2f7ce-59db-49c2-a6e2-2dadb317d926,2026-05-19T07:00:00+00:00
a1b2c3d4-e5f6-7890-abcd-ef1234567890,98a7f77de1f34d18955ebb11ad60,4c8a7868-6328-4aa0-9aaf-1f74c00b83cd,2026-05-19T07:00:00+00:00
a1b2c3d4-e5f6-7890-abcd-ef1234567890,98a7f77de1f34d18955ebb11ad60,1fda4644-c4a6-4abd-b169-7d4a5e9f22eb,2026-05-19T07:00:00+00:00
a1b2c3d4-e5f6-7890-abcd-ef1234567890,98a7f77de1f34d18955ebb11ad60,7230caef-974d-4412-ac70-8d62dbf66723,2026-05-19T07:00:00+00:00
a1b2c3d4-e5f6-7890-abcd-ef1234567890,98a7f77de1f34d18955ebb11ad60,489057f4-72ac-45b4-b2f7-27b8093fab48,2026-05-19T07:00:00+00:00
a1b2c3d4-e5f6-7890-abcd-ef1234567890,98a7f77de1f34d18955ebb11ad60,dce76b0e-46a6-48ef-b3b3-15e44e7b95f0,2026-05-19T07:00:00+00:00
a1b2c3d4-e5f6-7890-abcd-ef1234567890,98a7f77de1f34d18955ebb11ad60,4a2b7158-9543-4d61-8668-8cb146d33f17,2026-05-19T07:00:00+00:00
a1b2c3d4-e5f6-7890-abcd-ef1234567890,98a7f77de1f34d18955ebb11ad60,e5252f6a-a941-44c8-8aa1-a3fc13adcd7e,2026-05-19T07:00:00+00:00
a1b2c3d4-e5f6-7890-abcd-ef1234567890,98a7f77de1f34d18955ebb11ad60,0bb83a97-6114-4feb-9ff6-7c8e2ed8666d,2026-05-19T07:00:00+00:00
a1b2c3d4-e5f6-7890-abcd-ef1234567890,98a7f77de1f34d18955ebb11ad60,c1cc1139-4947-48e1-a47f-c3e7bbdd01f0,2026-05-19T07:00:00+00:00
a1b2c3d4-e5f6-7890-abcd-ef1234567890,98a7f77de1f34d18955ebb11ad60,ef15d1dc-43b8-46ef-b8b0-914904d803da,2026-05-19T07:00:00+00:00
a1b2c3d4-e5f6-7890-abcd-ef1234567890,98a7f77de1f34d18955ebb11ad60,dbe8e7d8-72da-4b5e-97bd-56dbe3608728,2026-05-19T07:00:00+00:00
a1b2c3d4-e5f6-7890-abcd-ef1234567890,98a7f77de1f34d18955ebb11ad60,19efc06f-bb69-403b-bfd8-8a2a54d7da38,2026-05-19T07:00:00+00:00
a1b2c3d4-e5f6-7890-abcd-ef1234567890,98a7f77de1f34d18955ebb11ad60,3ff356fd-c950-457c-af37-eada56bf9acd,2026-05-19T07:00:00+00:00
a1b2c3d4-e5f6-7890-abcd-ef1234567890,98a7f77de1f34d18955ebb11ad60,f8eaaff3-078f-4d23-a1d2-1bb07f5a481c,2026-05-19T07:00:00+00:00
a1b2c3d4-e5f6-7890-abcd-ef1234567890,98a7f77de1f34d18955ebb11ad60,fe2c88c9-a74b-4609-b5fe-4dfd577889bc,2026-05-19T07:00:00+00:00
a1b2c3d4-e5f6-7890-abcd-ef1234567890,98a7f77de1f34d18955ebb11ad60,0a366415-6f7e-4e35-b516-037aabee2be1,2026-05-19T07:00:00+00:00
a1b2c3d4-e5f6-7890-abcd-ef1234567890,98a7f77de1f34d18955ebb11ad60,3a840020-b76b-41d8-9f1f-4a3123b97b3b,2026-05-19T07:00:00+00:00
a1b2c3d4-e5f6-7890-abcd-ef1234567890,98a7f77de1f34d18955ebb11ad60,5ccb3b28-8f6f-4e68-8e8e-78272b27bc11,2026-05-19T07:00:00+00:00
a1b2c3d4-e5f6-7890-abcd-ef1234567890,98a7f77de1f34d18955ebb11ad60,8d7fcb8f-09e5-4d98-9200-a7de81d25f43,2026-05-19T07:00:00+00:00
a1b2c3d4-e5f6-7890-abcd-ef1234567890,98a7f77de1f34d18955ebb11ad60,6cf183cb-94c3-451b-b371-ae08f3256fab,2026-05-19T07:00:00+00:00
a1b2c3d4-e5f6-7890-abcd-ef1234567890,98a7f77de1f34d18955ebb11ad60,7a5315e2-0e66-4964-8a5d-bc745c99f556,2026-05-19T07:00:00+00:00
a1b2c3d4-e5f6-7890-abcd-ef1234567890,98a7f77de1f34d18955ebb11ad60,41ab72c7-859a-4446-8515-170c26796ba8,2026-05-19T07:00:00+00:00
a1b2c3d4-e5f6-7890-abcd-ef1234567890,98a7f77de1f34d18955ebb11ad60,bdd8f762-8186-4ce0-a34b-6d379f0615c1,2026-05-19T07:00:00+00:00
a1b2c3d4-e5f6-7890-abcd-ef1234567890,98a7f77de1f34d18955ebb11ad60,2a9987f2-6247-4d19-b27d-09cd7344a1aa,2026-05-19T07:00:00+00:00
a1b2c3d4-e5f6-7890-abcd-ef1234567890,98a7f77de1f34d18955ebb11ad60,fa704cfa-a9b8-4dcc-afde-6813aa4a18bc,2026-05-19T07:00:00+00:00
a1b2c3d4-e5f6-7890-abcd-ef1234567890,98a7f77de1f34d18955ebb11ad60,f0416d9c-19e2-4823-9b47-4a2e8ca6807a,2026-05-19T07:00:00+00:00
a1b2c3d4-e5f6-7890-abcd-ef1234567890,98a7f77de1f34d18955ebb11ad60,cf1b1f77-e7de-4527-bb17-be23ba7abea0,2026-05-19T07:00:00+00:00
a1b2c3d4-e5f6-7890-abcd-ef1234567890,98a7f77de1f34d18955ebb11ad60,f6784416-a1e0-40e9-8ea4-ee931f9cf685,2026-05-19T07:00:00+00:00
a1b2c3d4-e5f6-7890-abcd-ef1234567890,98a7f77de1f34d18955ebb11ad60,cf0bc93d-3ba5-4e9f-a207-44ab60ff135c,2026-05-19T07:00:00+00:00
a1b2c3d4-e5f6-7890-abcd-ef1234567890,98a7f77de1f34d18955ebb11ad60,88af5e3a-739d-4390-8b96-38c329eabe67,2026-05-19T07:00:00+00:00
a1b2c3d4-e5f6-7890-abcd-ef1234567890,98a7f77de1f34d18955ebb11ad60,849337f3-3679-431d-a3f1-2ec2871cdabc,2026-05-19T07:00:00+00:00
a1b2c3d4-e5f6-7890-abcd-ef1234567890,98a7f77de1f34d18955ebb11ad60,43ecaba3-87b9-4a33-ae87-04730c80670f,2026-05-19T07:00:00+00:00
a1b2c3d4-e5f6-7890-abcd-ef1234567890,98a7f77de1f34d18955ebb11ad60,6877f953-d298-46cf-bc28-72ea81186c65,2026-05-19T07:00:00+00:00
a1b2c3d4-e5f6-7890-abcd-ef1234567890,98a7f77de1f34d18955ebb11ad60,93dd030b-b11a-42f4-85d1-dfb406855663,2026-05-19T07:00:00+00:00
a1b2c3d4-e5f6-7890-abcd-ef1234567890,98a7f77de1f34d18955ebb11ad60,130d1e74-6aa0-4f30-8b27-5b2aebfe0494,2026-05-19T07:00:00+00:00
a1b2c3d4-e5f6-7890-abcd-ef1234567890,98a7f77de1f34d18955ebb11ad60,51d30465-5e76-443a-8a46-750c4b09c271,2026-05-19T07:00:00+00:00
a1b2c3d4-e5f6-7890-abcd-ef1234567890,98a7f77de1f34d18955ebb11ad60,e5c3f573-fd87-431a-b39b-8c0ae029c204,2026-05-19T07:00:00+00:00
a1b2c3d4-e5f6-7890-abcd-ef1234567890,98a7f77de1f34d18955ebb11ad60,f8b62f7d-6098-4e06-a7ee-82bd21ed7403,2026-05-19T07:00:00+00:00
a1b2c3d4-e5f6-7890-abcd-ef1234567890,98a7f77de1f34d18955ebb11ad60,7f6c689f-ff58-44b6-a3c6-23f44588370f,2026-05-19T07:00:00+00:00
a1b2c3d4-e5f6-7890-abcd-ef1234567890,98a7f77de1f34d18955ebb11ad60,3f60c38c-fe83-4c1d-8b00-60357a2220fa,2026-05-19T07:00:00+00:00
a1b2c3d4-e5f6-7890-abcd-ef1234567890,98a7f77de1f34d18955ebb11ad60,653548ea-9a9f-465f-ac59-758273d1bfd5,2026-05-19T07:00:00+00:00
a1b2c3d4-e5f6-7890-abcd-ef1234567890,98a7f77de1f34d18955ebb11ad60,11c2f514-5f04-4cad-8aaa-ef139c1aed55,2026-05-19T07:00:00+00:00
a1b2c3d4-e5f6-7890-abcd-ef1234567890,98a7f77de1f34d18955ebb11ad60,02a5e59a-26df-4068-aaf0-7f503ae460c6,2026-05-19T07:00:00+00:00
a1b2c3d4-e5f6-7890-abcd-ef1234567890,98a7f77de1f34d18955ebb11ad60,88abea64-367a-4cdb-9c15-257cab72067d,2026-05-19T07:00:00+00:00
a1b2c3d4-e5f6-7890-abcd-ef1234567890,98a7f77de1f34d18955ebb11ad60,fe144120-a371-49db-bdad-f37725f98906,2026-05-19T07:00:00+00:00
a1b2c3d4-e5f6-7890-abcd-ef1234567890,98a7f77de1f34d18955ebb11ad60,abe4bdce-2e7e-4724-a7d4-632f78a2f848,2026-05-19T07:00:00+00:00
a1b2c3d4-e5f6-7890-abcd-ef1234567890,98a7f77de1f34d18955ebb11ad60,3bf7f09a-3a20-469a-9e8b-925a842d5617,2026-05-19T07:00:00+00:00
a1b2c3d4-e5f6-7890-abcd-ef1234567890,98a7f77de1f34d18955ebb11ad60,cc9ada5a-8c8c-445e-9027-1328b6f50a7a,2026-05-19T07:00:00+00:00
a1b2c3d4-e5f6-7890-abcd-ef1234567890,98a7f77de1f34d18955ebb11ad60,78aec37a-faa8-4d9c-b2c3-442ebc14ad70,2026-05-19T07:00:00+00:00
a1b2c3d4-e5f6-7890-abcd-ef1234567890,98a7f77de1f34d18955ebb11ad60,1fe8606b-a945-4853-828b-82842563fa31,2026-05-19T07:00:00+00:00
a1b2c3d4-e5f6-7890-abcd-ef1234567890,98a7f77de1f34d18955ebb11ad60,a4ef6a61-41b8-47b9-ad92-3b8845c6ef49,2026-05-19T07:00:00+00:00
a1b2c3d4-e5f6-7890-abcd-ef1234567890,98a7f77de1f34d18955ebb11ad60,868b06e4-46ba-49a1-8902-fbb0627a219a,2026-05-19T07:00:00+00:00
a1b2c3d4-e5f6-7890-abcd-ef1234567890,98a7f77de1f34d18955ebb11ad60,bfc2186b-fadd-4e4d-979f-408f7de73f5b,2026-05-19T07:00:00+00:00
a1b2c3d4-e5f6-7890-abcd-ef1234567890,98a7f77de1f34d18955ebb11ad60,c978bb16-9bbc-4afb-99b9-8730e264ff98,2026-05-19T07:00:00+00:00
a1b2c3d4-e5f6-7890-abcd-ef1234567890,98a7f77de1f34d18955ebb11ad60,8a2b60fe-1943-46d2-913e-f950efa2c425,2026-05-19T07:00:00+00:00
a1b2c3d4-e5f6-7890-abcd-ef1234567890,98a7f77de1f34d18955ebb11ad60,1eba140d-0138-4b07-82e5-9480cba0819f,2026-05-19T07:00:00+00:00
a1b2c3d4-e5f6-7890-abcd-ef1234567890,98a7f77de1f34d18955ebb11ad60,a924c995-54c8-4303-a14e-1006599c4171,2026-05-19T07:00:00+00:00
a1b2c3d4-e5f6-7890-abcd-ef1234567890,98a7f77de1f34d18955ebb11ad60,50138186-c833-44b7-a712-3590fdc543e1,2026-05-19T07:00:00+00:00
a1b2c3d4-e5f6-7890-abcd-ef1234567890,98a7f77de1f34d18955ebb11ad60,a956349b-9cec-41a5-a2f1-3fb7ddfe5899,2026-05-19T07:00:00+00:00
a1b2c3d4-e5f6-7890-abcd-ef1234567890,98a7f77de1f34d18955ebb11ad60,341d93fc-e858-4b42-a475-4d659eaf1624,2026-05-19T07:00:00+00:00
a1b2c3d4-e5f6-7890-abcd-ef1234567890,98a7f77de1f34d18955ebb11ad60,d23cf707-6eb2-403b-a004-717a94328369,2026-05-19T07:00:00+00:00
a1b2c3d4-e5f6-7890-abcd-ef1234567890,98a7f77de1f34d18955ebb11ad60,1956c9af-b9e9-4aa7-8db7-637c6965e1ce,2026-05-19T07:00:00+00:00
a1b2c3d4-e5f6-7890-abcd-ef1234567890,98a7f77de1f34d18955ebb11ad60,af9ec7fd-4548-4e84-bb6a-2644b814a1c2,2026-05-19T07:00:00+00:00
a1b2c3d4-e5f6-7890-abcd-ef1234567890,98a7f77de1f34d18955ebb11ad60,c817eb32-14a7-4851-b8a6-b681aaf4a8c5,2026-05-19T07:00:00+00:00
a1b2c3d4-e5f6-7890-abcd-ef1234567890,98a7f77de1f34d18955ebb11ad60,a61ba7b5-2323-4100-998f-2d7e9cc681b4,2026-05-19T07:00:00+00:00
a1b2c3d4-e5f6-7890-abcd-ef1234567890,98a7f77de1f34d18955ebb11ad60,2fc99752-253f-4adc-bd18-24baf3303891,2026-05-19T07:00:00+00:00
a1b2c3d4-e5f6-7890-abcd-ef1234567890,98a7f77de1f34d18955ebb11ad60,be5c97ce-30da-44cc-aed2-f3c2f10b5d4c,2026-05-19T07:00:00+00:00
a1b2c3d4-e5f6-7890-abcd-ef1234567890,98a7f77de1f34d18955ebb11ad60,7de6fc8b-5bbc-45eb-9d8a-3457bd4f3c1d,2026-05-19T07:00:00+00:00
a1b2c3d4-e5f6-7890-abcd-ef1234567890,98a7f77de1f34d18955ebb11ad60,60287b7a-231b-4282-8b36-0214b330d8a3,2026-05-19T07:00:00+00:00
a1b2c3d4-e5f6-7890-abcd-ef1234567890,98a7f77de1f34d18955ebb11ad60,9faf6580-731b-4a0b-b157-a8b639646371,2026-05-19T07:00:00+00:00
a1b2c3d4-e5f6-7890-abcd-ef1234567890,98a7f77de1f34d18955ebb11ad60,24569ad7-9d9d-4a93-b8e4-527aaeb77d84,2026-05-19T07:00:00+00:00
a1b2c3d4-e5f6-7890-abcd-ef1234567890,98a7f77de1f34d18955ebb11ad60,2593d89d-3e80-4246-83d8-4db00502d660,2026-05-19T07:00:00+00:00
a1b2c3d4-e5f6-7890-abcd-ef1234567890,98a7f77de1f34d18955ebb11ad60,69e1b285-4629-4b66-908e-86c60a628cd0,2026-05-19T07:00:00+00:00
a1b2c3d4-e5f6-7890-abcd-ef1234567890,98a7f77de1f34d18955ebb11ad60,531ebf9b-7612-474b-b468-7d77024181c7,2026-05-19T07:00:00+00:00
a1b2c3d4-e5f6-7890-abcd-ef1234567890,98a7f77de1f34d18955ebb11ad60,af5d451a-6182-4215-8369-77aa6756033f,2026-05-19T07:00:00+00:00
a1b2c3d4-e5f6-7890-abcd-ef1234567890,98a7f77de1f34d18955ebb11ad60,dd71026f-9b78-4ae3-95c0-8f7449f2c99c,2026-05-19T07:00:00+00:00
a1b2c3d4-e5f6-7890-abcd-ef1234567890,98a7f77de1f34d18955ebb11ad60,c5476e33-730f-451c-8860-02872668b34c,2026-05-19T07:00:00+00:00
a1b2c3d4-e5f6-7890-abcd-ef1234567890,98a7f77de1f34d18955ebb11ad60,bcba1dbd-d164-4c19-ac37-9c2b3dc31775,2026-05-19T07:00:00+00:00
a1b2c3d4-e5f6-7890-abcd-ef1234567890,98a7f77de1f34d18955ebb11ad60,22d3c633-172b-404d-8263-fbfce67343a7,2026-05-19T07:00:00+00:00
a1b2c3d4-e5f6-7890-abcd-ef1234567890,98a7f77de1f34d18955ebb11ad60,b05e9265-e851-47a0-bbfe-17cacb25ccd8,2026-05-19T07:00:00+00:00
a1b2c3d4-e5f6-7890-abcd-ef1234567890,98a7f77de1f34d18955ebb11ad60,5a4bc483-7e6c-4e0e-827d-14690d0f0e96,2026-05-19T07:00:00+00:00
a1b2c3d4-e5f6-7890-abcd-ef1234567890,98a7f77de1f34d18955ebb11ad60,16873ac4-dac7-442b-8995-0c92c7632437,2026-05-19T07:00:00+00:00
a1b2c3d4-e5f6-7890-abcd-ef1234567890,98a7f77de1f34d18955ebb11ad60,f0b2834f-fe5a-480b-b875-61c9b08f2f56,2026-05-19T07:00:00+00:00
a1b2c3d4-e5f6-7890-abcd-ef1234567890,98a7f77de1f34d18955ebb11ad60,6184b430-9420-48dc-b675-0bfb20edbf2d,2026-05-19T07:00:00+00:00
a1b2c3d4-e5f6-7890-abcd-ef1234567890,98a7f77de1f34d18955ebb11ad60,ee1bf0d4-b84c-444c-940c-eac352df6eed,2026-05-19T07:00:00+00:00
a1b2c3d4-e5f6-7890-abcd-ef1234567890,98a7f77de1f34d18955ebb11ad60,f2d7c275-ff98-4986-bdff-d4aa44512a29,2026-05-19T07:00:00+00:00
a1b2c3d4-e5f6-7890-abcd-ef1234567890,98a7f77de1f34d18955ebb11ad60,bd79b1cf-7ef8-43bb-9c97-94ef47f5bae7,2026-05-19T07:00:00+00:00
a1b2c3d4-e5f6-7890-abcd-ef1234567890,98a7f77de1f34d18955ebb11ad60,b5c09d5f-8b4a-417c-9e71-80cf7df5f302,2026-05-19T07:00:00+00:00
a1b2c3d4-e5f6-7890-abcd-ef1234567890,98a7f77de1f34d18955ebb11ad60,bc4c946e-b219-4f32-a734-46a8ee3cdf12,2026-05-19T07:00:00+00:00
a1b2c3d4-e5f6-7890-abcd-ef1234567890,98a7f77de1f34d18955ebb11ad60,caf6dd57-e082-4652-9e73-3a94f1fa1eb5,2026-05-19T07:00:00+00:00
a1b2c3d4-e5f6-7890-abcd-ef1234567890,98a7f77de1f34d18955ebb11ad60,a47939b7-651d-45dd-99fd-86184216d8ad,2026-05-19T07:00:00+00:00
a1b2c3d4-e5f6-7890-abcd-ef1234567890,98a7f77de1f34d18955ebb11ad60,e0d2ebe1-9a98-485d-8b70-bee64d5bbdb7,2026-05-19T07:00:00+00:00
a1b2c3d4-e5f6-7890-abcd-ef1234567890,98a7f77de1f34d18955ebb11ad60,51ada687-034a-4825-8e9a-91b40268cc85,2026-05-19T07:00:00+00:00
a1b2c3d4-e5f6-7890-abcd-ef1234567890,98a7f77de1f34d18955ebb11ad60,b813c598-a673-44e5-8738-72aaff15b6e3,2026-05-19T07:00:00+00:00
a1b2c3d4-e5f6-7890-abcd-ef1234567890,98a7f77de1f34d18955ebb11ad60,970a833a-d77b-4052-8de5-bed819f0ed4d,2026-05-19T07:00:00+00:00
a1b2c3d4-e5f6-7890-abcd-ef1234567890,98a7f77de1f34d18955ebb11ad60,bf9466d6-4930-476e-a41e-9acfc186c63b,2026-05-19T07:00:00+00:00
a1b2c3d4-e5f6-7890-abcd-ef1234567890,98a7f77de1f34d18955ebb11ad60,b454f23c-49d9-4578-98f5-e75b52f0fba7,2026-05-19T07:00:00+00:00
a1b2c3d4-e5f6-7890-abcd-ef1234567890,98a7f77de1f34d18955ebb11ad60,1706287f-2512-4a5e-900d-6c423d1bddef,2026-05-19T07:00:00+00:00
a1b2c3d4-e5f6-7890-abcd-ef1234567890,98a7f77de1f34d18955ebb11ad60,ecb7d47a-9dce-45d2-9dbb-9cec173a5cdc,2026-05-19T07:00:00+00:00
a1b2c3d4-e5f6-7890-abcd-ef1234567890,98a7f77de1f34d18955ebb11ad60,7fe2df4b-3e9e-4d44-bbad-c7a861058b2c,2026-05-19T07:00:00+00:00
a1b2c3d4-e5f6-7890-abcd-ef1234567890,98a7f77de1f34d18955ebb11ad60,0d516acf-8e6c-4821-b815-f79496dcecae,2026-05-19T07:00:00+00:00
a1b2c3d4-e5f6-7890-abcd-ef1234567890,98a7f77de1f34d18955ebb11ad60,34d93d49-4b4f-4e45-9e8e-fc3c9252825c,2026-05-19T07:00:00+00:00
a1b2c3d4-e5f6-7890-abcd-ef1234567890,98a7f77de1f34d18955ebb11ad60,ab71bc45-4df1-4f74-abfc-6246d4084015,2026-05-19T07:00:00+00:00
a1b2c3d4-e5f6-7890-abcd-ef1234567890,98a7f77de1f34d18955ebb11ad60,e1f97397-e1a3-4ceb-a0b9-3c653a56df00,2026-05-19T07:00:00+00:00
a1b2c3d4-e5f6-7890-abcd-ef1234567890,98a7f77de1f34d18955ebb11ad60,2f11570f-61b5-4039-b9ed-6d310b9d2d70,2026-05-19T07:00:00+00:00
a1b2c3d4-e5f6-7890-abcd-ef1234567890,98a7f77de1f34d18955ebb11ad60,53560c3a-6d92-495a-b76f-517151c3ec65,2026-05-19T07:00:00+00:00
a1b2c3d4-e5f6-7890-abcd-ef1234567890,98a7f77de1f34d18955ebb11ad60,d4c17da4-35da-4ce7-bcdb-d264b330f5a1,2026-05-19T07:00:00+00:00
a1b2c3d4-e5f6-7890-abcd-ef1234567890,98a7f77de1f34d18955ebb11ad60,1d3eded8-b45f-4724-8360-f8b9e71469f0,2026-05-19T07:00:00+00:00
a1b2c3d4-e5f6-7890-abcd-ef1234567890,98a7f77de1f34d18955ebb11ad60,9a912ff0-626c-4b12-915e-8d8746ec42ea,2026-05-19T07:00:00+00:00
a1b2c3d4-e5f6-7890-abcd-ef1234567890,98a7f77de1f34d18955ebb11ad60,38962967-387a-445a-aa47-33fd2d1d96a4,2026-05-19T07:00:00+00:00
a1b2c3d4-e5f6-7890-abcd-ef1234567890,98a7f77de1f34d18955ebb11ad60,b220d55e-3b3e-4324-8f5a-60acd66e3fb1,2026-05-19T07:00:00+00:00
a1b2c3d4-e5f6-7890-abcd-ef1234567890,98a7f77de1f34d18955ebb11ad60,fe1d4556-ec33-40c5-a44f-e6007c7841dc,2026-05-19T07:00:00+00:00
a1b2c3d4-e5f6-7890-abcd-ef1234567890,98a7f77de1f34d18955ebb11ad60,5707d4c2-1613-4837-908f-e883fe4a737d,2026-05-19T07:00:00+00:00
a1b2c3d4-e5f6-7890-abcd-ef1234567890,98a7f77de1f34d18955ebb11ad60,afba90b0-61ca-4be6-848d-fce5300abcb3,2026-05-19T07:00:00+00:00
a1b2c3d4-e5f6-7890-abcd-ef1234567890,98a7f77de1f34d18955ebb11ad60,4264369b-83a8-49b0-a393-6499d69fa9f6,2026-05-19T07:00:00+00:00
a1b2c3d4-e5f6-7890-abcd-ef1234567890,98a7f77de1f34d18955ebb11ad60,b78eec66-0b25-462c-8270-7e5699ed3a4c,2026-05-19T07:00:00+00:00
a1b2c3d4-e5f6-7890-abcd-ef1234567890,98a7f77de1f34d18955ebb11ad60,ebc325a4-3b5f-4828-95a6-c71cacd1d403,2026-05-19T07:00:00+00:00
a1b2c3d4-e5f6-7890-abcd-ef1234567890,98a7f77de1f34d18955ebb11ad60,8cb40465-f79d-486a-9450-973852852d4b,2026-05-19T07:00:00+00:00
a1b2c3d4-e5f6-7890-abcd-ef1234567890,98a7f77de1f34d18955ebb11ad60,0276f701-5e6e-4a31-a9d4-1508d62ef2c5,2026-05-19T07:00:00+00:00
a1b2c3d4-e5f6-7890-abcd-ef1234567890,98a7f77de1f34d18955ebb11ad60,fb4ba5aa-0d86-4e5b-937e-183c4989f3e0,2026-05-19T07:00:00+00:00
a1b2c3d4-e5f6-7890-abcd-ef1234567890,98a7f77de1f34d18955ebb11ad60,f2658a8c-5c29-4ff8-b9f4-6c6ec34b83f5,2026-05-19T07:00:00+00:00
a1b2c3d4-e5f6-7890-abcd-ef1234567890,98a7f77de1f34d18955ebb11ad60,91f072ef-82d5-4d76-834c-3ac56e21cfa9,2026-05-19T07:00:00+00:00
a1b2c3d4-e5f6-7890-abcd-ef1234567890,98a7f77de1f34d18955ebb11ad60,de6341b0-6040-4525-9141-0cab01538b81,2026-05-19T07:00:00+00:00
a1b2c3d4-e5f6-7890-abcd-ef1234567890,98a7f77de1f34d18955ebb11ad60,dff70991-5065-4137-bc8e-00572f4417fe,2026-05-19T07:00:00+00:00
a1b2c3d4-e5f6-7890-abcd-ef1234567890,98a7f77de1f34d18955ebb11ad60,f81c31a1-854a-4973-b25b-d20a3a36291a,2026-05-19T07:00:00+00:00
a1b2c3d4-e5f6-7890-abcd-ef1234567890,98a7f77de1f34d18955ebb11ad60,3dda82b8-1fd9-45a3-aaa7-29f48fbcc07f,2026-05-19T07:00:00+00:00
a1b2c3d4-e5f6-7890-abcd-ef1234567890,98a7f77de1f34d18955ebb11ad60,83e33415-ef70-44e3-a789-5f908b781756,2026-05-19T07:00:00+00:00
a1b2c3d4-e5f6-7890-abcd-ef1234567890,98a7f77de1f34d18955ebb11ad60,8717aa78-59fe-4121-a9b1-af48ad244ca0,2026-05-19T07:00:00+00:00
a1b2c3d4-e5f6-7890-abcd-ef1234567890,98a7f77de1f34d18955ebb11ad60,d0f1a8d3-88a3-49a9-ba69-b11e75daa081,2026-05-19T07:00:00+00:00
a1b2c3d4-e5f6-7890-abcd-ef1234567890,98a7f77de1f34d18955ebb11ad60,0762214f-7b7e-4e0b-9a20-bf9c284a7beb,2026-05-19T07:00:00+00:00
a1b2c3d4-e5f6-7890-abcd-ef1234567890,98a7f77de1f34d18955ebb11ad60,1d0704be-7422-4731-9522-8b9e316e565d,2026-05-19T07:00:00+00:00
a1b2c3d4-e5f6-7890-abcd-ef1234567890,98a7f77de1f34d18955ebb11ad60,bc49467e-902d-45a0-bd72-044d423cb67a,2026-05-19T07:00:00+00:00
a1b2c3d4-e5f6-7890-abcd-ef1234567890,98a7f77de1f34d18955ebb11ad60,def569f0-bc15-4443-9055-f11d868eeb38,2026-05-19T07:00:00+00:00
a1b2c3d4-e5f6-7890-abcd-ef1234567890,98a7f77de1f34d18955ebb11ad60,d6257b06-1051-443d-b57e-62d090d7f698,2026-05-19T07:00:00+00:00
a1b2c3d4-e5f6-7890-abcd-ef1234567890,98a7f77de1f34d18955ebb11ad60,b03172fa-6696-444e-8d1b-78dafbb29fc0,2026-05-19T07:00:00+00:00
a1b2c3d4-e5f6-7890-abcd-ef1234567890,98a7f77de1f34d18955ebb11ad60,067a5a10-4969-4438-8c09-8e3918ec7d7b,2026-05-19T07:00:00+00:00
a1b2c3d4-e5f6-7890-abcd-ef1234567890,98a7f77de1f34d18955ebb11ad60,911d38b2-57f5-4f6b-97c8-17a7205336df,2026-05-19T07:00:00+00:00
a1b2c3d4-e5f6-7890-abcd-ef1234567890,98a7f77de1f34d18955ebb11ad60,f8f1286a-e039-4151-a30a-16d19af6bb81,2026-05-19T07:00:00+00:00
a1b2c3d4-e5f6-7890-abcd-ef1234567890,98a7f77de1f34d18955ebb11ad60,fb3ec460-6148-4a19-a3a1-8f79d5cea976,2026-05-19T07:00:00+00:00
a1b2c3d4-e5f6-7890-abcd-ef1234567890,98a7f77de1f34d18955ebb11ad60,b984bdef-12b6-45e7-a16c-654863aa1c6c,2026-05-19T07:00:00+00:00
a1b2c3d4-e5f6-7890-abcd-ef1234567890,98a7f77de1f34d18955ebb11ad60,7933fa66-88d0-49d3-a8c7-366187a98ca2,2026-05-19T07:00:00+00:00
a1b2c3d4-e5f6-7890-abcd-ef1234567890,98a7f77de1f34d18955ebb11ad60,dcb08680-54bb-4ddc-91b2-7032cd31e587,2026-05-19T07:00:00+00:00
a1b2c3d4-e5f6-7890-abcd-ef1234567890,98a7f77de1f34d18955ebb11ad60,91c1689a-9303-4468-baf8-46eafb1afc07,2026-05-19T07:00:00+00:00
a1b2c3d4-e5f6-7890-abcd-ef1234567890,98a7f77de1f34d18955ebb11ad60,0b340664-e859-4749-85c4-09cd145daa8b,2026-05-19T07:00:00+00:00
a1b2c3d4-e5f6-7890-abcd-ef1234567890,98a7f77de1f34d18955ebb11ad60,71b303f4-b109-4d11-babf-c72b344d4849,2026-05-19T07:00:00+00:00
a1b2c3d4-e5f6-7890-abcd-ef1234567890,98a7f77de1f34d18955ebb11ad60,0cb4099a-5344-49b1-95c7-a5606cd19cf3,2026-05-19T07:00:00+00:00
a1b2c3d4-e5f6-7890-abcd-ef1234567890,98a7f77de1f34d18955ebb11ad60,02cc9883-a504-496d-a825-3202cb8b25b0,2026-05-19T07:00:00+00:00
a1b2c3d4-e5f6-7890-abcd-ef1234567890,98a7f77de1f34d18955ebb11ad60,3cc063cf-003c-4e34-bab5-53a6eb4d7e91,2026-05-19T07:00:00+00:00
a1b2c3d4-e5f6-7890-abcd-ef1234567890,98a7f77de1f34d18955ebb11ad60,013d10fe-cf72-4913-b40e-eb8b8cdbee7e,2026-05-19T07:00:00+00:00
a1b2c3d4-e5f6-7890-abcd-ef1234567890,98a7f77de1f34d18955ebb11ad60,6ba2b133-6958-4a04-80a9-e42281230330,2026-05-19T07:00:00+00:00
a1b2c3d4-e5f6-7890-abcd-ef1234567890,98a7f77de1f34d18955ebb11ad60,67d031f5-bd7e-4084-8c09-146e704d95fd,2026-05-19T07:00:00+00:00
a1b2c3d4-e5f6-7890-abcd-ef1234567890,98a7f77de1f34d18955ebb11ad60,cae0d849-0614-467b-a20b-60bc7e7b7502,2026-05-19T07:00:00+00:00
a1b2c3d4-e5f6-7890-abcd-ef1234567890,98a7f77de1f34d18955ebb11ad60,4f21f29e-23f1-4330-87af-59cba4cb150a,2026-05-19T07:00:00+00:00
a1b2c3d4-e5f6-7890-abcd-ef1234567890,98a7f77de1f34d18955ebb11ad60,27a0beec-83f5-4fc2-a1df-4181a7c26d25,2026-05-19T07:00:00+00:00
a1b2c3d4-e5f6-7890-abcd-ef1234567890,98a7f77de1f34d18955ebb11ad60,2f7be17f-e080-4d72-a547-1ff30faadd14,2026-05-19T07:00:00+00:00
a1b2c3d4-e5f6-7890-abcd-ef1234567890,98a7f77de1f34d18955ebb11ad60,87c6b7b0-3404-4f41-ba8a-49c377c09a4e,2026-05-19T07:00:00+00:00
a1b2c3d4-e5f6-7890-abcd-ef1234567890,98a7f77de1f34d18955ebb11ad60,2a4939d4-32d0-4008-bbeb-b1eb2cfb0da1,2026-05-19T07:00:00+00:00
a1b2c3d4-e5f6-7890-abcd-ef1234567890,98a7f77de1f34d18955ebb11ad60,f7b30e73-e697-4af1-91b9-120993014e96,2026-05-19T07:00:00+00:00
a1b2c3d4-e5f6-7890-abcd-ef1234567890,98a7f77de1f34d18955ebb11ad60,9570fac7-0cba-49e7-b3fc-ad078e21f2d2,2026-05-19T07:00:00+00:00
a1b2c3d4-e5f6-7890-abcd-ef1234567890,98a7f77de1f34d18955ebb11ad60,43d11e3f-6514-4408-b523-88a8c29ffbe4,2026-05-19T07:00:00+00:00
a1b2c3d4-e5f6-7890-abcd-ef1234567890,98a7f77de1f34d18955ebb11ad60,4ffb14c1-dfe0-4aa7-8dd1-12d410d0278f,2026-05-19T07:00:00+00:00
a1b2c3d4-e5f6-7890-abcd-ef1234567890,98a7f77de1f34d18955ebb11ad60,04066908-4730-412c-b3e0-25348f74b493,2026-05-19T07:00:00+00:00
a1b2c3d4-e5f6-7890-abcd-ef1234567890,98a7f77de1f34d18955ebb11ad60,ee9bdfe4-116c-4a32-9447-e742ea0f2b21,2026-05-19T07:00:00+00:00
a1b2c3d4-e5f6-7890-abcd-ef1234567890,98a7f77de1f34d18955ebb11ad60,d65d2b58-e92a-4e7b-8acd-d4c6883cf467,2026-05-19T07:00:00+00:00
a1b2c3d4-e5f6-7890-abcd-ef1234567890,98a7f77de1f34d18955ebb11ad60,03b6063e-a06a-479d-a44c-e2f05faf69b6,2026-05-19T07:00:00+00:00
a1b2c3d4-e5f6-7890-abcd-ef1234567890,98a7f77de1f34d18955ebb11ad60,a3c590df-405d-4e58-9ab2-ade26c793c38,2026-05-19T07:00:00+00:00
a1b2c3d4-e5f6-7890-abcd-ef1234567890,98a7f77de1f34d18955ebb11ad60,daea8276-90dc-4692-b53c-0410ff60d461,2026-05-19T07:00:00+00:00
a1b2c3d4-e5f6-7890-abcd-ef1234567890,98a7f77de1f34d18955ebb11ad60,f6095465-3af9-4232-b449-44fa2db36530,2026-05-19T07:00:00+00:00
a1b2c3d4-e5f6-7890-abcd-ef1234567890,98a7f77de1f34d18955ebb11ad60,61d6c08e-4735-4316-875c-df2547940ab9,2026-05-19T07:00:00+00:00
a1b2c3d4-e5f6-7890-abcd-ef1234567890,98a7f77de1f34d18955ebb11ad60,9876d139-fed7-495b-bd4a-482caee4c134,2026-05-19T07:00:00+00:00
a1b2c3d4-e5f6-7890-abcd-ef1234567890,98a7f77de1f34d18955ebb11ad60,be34332f-05cb-43f1-8c09-86b1154726ba,2026-05-19T07:00:00+00:00
a1b2c3d4-e5f6-7890-abcd-ef1234567890,98a7f77de1f34d18955ebb11ad60,191223d2-c4bf-4ae8-8ed1-b6cb4beaf4d3,2026-05-19T07:00:00+00:00
a1b2c3d4-e5f6-7890-abcd-ef1234567890,98a7f77de1f34d18955ebb11ad60,feb786f5-29f7-45f7-917c-f8b0409af318,2026-05-19T07:00:00+00:00
a1b2c3d4-e5f6-7890-abcd-ef1234567890,98a7f77de1f34d18955ebb11ad60,b112047e-3f69-462a-a84a-d7b347970d10,2026-05-19T07:00:00+00:00
a1b2c3d4-e5f6-7890-abcd-ef1234567890,98a7f77de1f34d18955ebb11ad60,e85d61b8-57c1-46c9-baed-1d4922269ee2,2026-05-19T07:00:00+00:00
a1b2c3d4-e5f6-7890-abcd-ef1234567890,98a7f77de1f34d18955ebb11ad60,070b9358-0a16-4578-90a4-6752ee4e789e,2026-05-19T07:00:00+00:00
a1b2c3d4-e5f6-7890-abcd-ef1234567890,98a7f77de1f34d18955ebb11ad60,e243273a-b9a4-48cc-9f83-4a1a2e8bdc0f,2026-05-19T07:00:00+00:00
a1b2c3d4-e5f6-7890-abcd-ef1234567890,98a7f77de1f34d18955ebb11ad60,b966bb5e-3881-4c34-81e5-071602b35f23,2026-05-19T07:00:00+00:00
a1b2c3d4-e5f6-7890-abcd-ef1234567890,98a7f77de1f34d18955ebb11ad60,9c3546d9-4147-4434-a27c-daada20ad9d2,2026-05-19T07:00:00+00:00
a1b2c3d4-e5f6-7890-abcd-ef1234567890,98a7f77de1f34d18955ebb11ad60,8492c04a-cf30-46a2-aaba-13160ef4302b,2026-05-19T07:00:00+00:00
a1b2c3d4-e5f6-7890-abcd-ef1234567890,98a7f77de1f34d18955ebb11ad60,690558b4-3ab1-42fc-bd02-f116297cf118,2026-05-19T07:00:00+00:00
a1b2c3d4-e5f6-7890-abcd-ef1234567890,98a7f77de1f34d18955ebb11ad60,b97f81a4-9e2d-4414-ae6b-b19c1fa882c4,2026-05-19T07:00:00+00:00
a1b2c3d4-e5f6-7890-abcd-ef1234567890,98a7f77de1f34d18955ebb11ad60,88996754-08d9-4b36-9870-ac0252a827d9,2026-05-19T07:00:00+00:00
a1b2c3d4-e5f6-7890-abcd-ef1234567890,98a7f77de1f34d18955ebb11ad60,f88d7f67-3954-47aa-a198-9e944b792576,2026-05-19T07:00:00+00:00
a1b2c3d4-e5f6-7890-abcd-ef1234567890,98a7f77de1f34d18955ebb11ad60,48b3c700-4360-4e87-9cca-79ff92cae844,2026-05-19T07:00:00+00:00
a1b2c3d4-e5f6-7890-abcd-ef1234567890,98a7f77de1f34d18955ebb11ad60,6df6ba90-bb89-48ec-8bb0-8d918f61ec63,2026-05-19T07:00:00+00:00
a1b2c3d4-e5f6-7890-abcd-ef1234567890,98a7f77de1f34d18955ebb11ad60,f1ce1135-f4c0-4dae-abf8-2b6cf8e529ef,2026-05-19T07:00:00+00:00
a1b2c3d4-e5f6-7890-abcd-ef1234567890,98a7f77de1f34d18955ebb11ad60,1bad0377-dd1b-49c3-9b47-4857e3863df0,2026-05-19T07:00:00+00:00
a1b2c3d4-e5f6-7890-abcd-ef1234567890,98a7f77de1f34d18955ebb11ad60,68e661f7-9891-49af-bbd2-fcf1708a37cb,2026-05-19T07:00:00+00:00
a1b2c3d4-e5f6-7890-abcd-ef1234567890,98a7f77de1f34d18955ebb11ad60,66570992-c11e-4c7a-a081-814cce328f11,2026-05-19T07:00:00+00:00
a1b2c3d4-e5f6-7890-abcd-ef1234567890,98a7f77de1f34d18955ebb11ad60,43bebe41-d695-4f76-8622-500922efa8da,2026-05-19T07:00:00+00:00
a1b2c3d4-e5f6-7890-abcd-ef1234567890,98a7f77de1f34d18955ebb11ad60,957d87fd-f602-4913-816f-59ff4b3d9342,2026-05-19T07:00:00+00:00
a1b2c3d4-e5f6-7890-abcd-ef1234567890,98a7f77de1f34d18955ebb11ad60,28162f51-617d-4569-b3b3-6a66f7870528,2026-05-19T07:00:00+00:00
a1b2c3d4-e5f6-7890-abcd-ef1234567890,98a7f77de1f34d18955ebb11ad60,38e2f310-8aba-4348-b5dc-7241b72664e9,2026-05-19T07:00:00+00:00
a1b2c3d4-e5f6-7890-abcd-ef1234567890,98a7f77de1f34d18955ebb11ad60,3aee3dda-7562-48c1-8490-383d01225914,2026-05-19T07:00:00+00:00
a1b2c3d4-e5f6-7890-abcd-ef1234567890,98a7f77de1f34d18955ebb11ad60,faeea7f5-be2b-4a47-bf63-e912990bb2e6,2026-05-19T07:00:00+00:00
a1b2c3d4-e5f6-7890-abcd-ef1234567890,98a7f77de1f34d18955ebb11ad60,b2ddc118-c59d-4412-affe-bb99cc157347,2026-05-19T07:00:00+00:00
a1b2c3d4-e5f6-7890-abcd-ef1234567890,c3e955e3bf70477490262e50f6d8,8c09a9e7-9c7d-4627-ae0c-39544e99e681,2026-05-19T07:00:00+00:00
a1b2c3d4-e5f6-7890-abcd-ef1234567890,c3e955e3bf70477490262e50f6d8,1efd5ad3-d8c1-4664-9d23-0a344614295a,2026-05-19T07:00:00+00:00
a1b2c3d4-e5f6-7890-abcd-ef1234567890,c3e955e3bf70477490262e50f6d8,0f984f10-85b3-40d7-a63e-ae6be555b8ba,2026-05-19T07:00:00+00:00
a1b2c3d4-e5f6-7890-abcd-ef1234567890,c3e955e3bf70477490262e50f6d8,3b8132cf-8017-43f3-8139-4807fa7157f8,2026-05-19T07:00:00+00:00
a1b2c3d4-e5f6-7890-abcd-ef1234567890,c3e955e3bf70477490262e50f6d8,32563364-d3f9-454f-87dc-9e4a1945d3a1,2026-05-19T07:00:00+00:00
a1b2c3d4-e5f6-7890-abcd-ef1234567890,c3e955e3bf70477490262e50f6d8,1acd2ba4-51af-4f5f-a8ea-a34bd068db1b,2026-05-19T07:00:00+00:00
a1b2c3d4-e5f6-7890-abcd-ef1234567890,c3e955e3bf70477490262e50f6d8,283b527b-22d6-4352-8807-95f736b465d1,2026-05-19T07:00:00+00:00
a1b2c3d4-e5f6-7890-abcd-ef1234567890,c3e955e3bf70477490262e50f6d8,28f2f7ce-59db-49c2-a6e2-2dadb317d926,2026-05-19T07:00:00+00:00
a1b2c3d4-e5f6-7890-abcd-ef1234567890,c3e955e3bf70477490262e50f6d8,4c8a7868-6328-4aa0-9aaf-1f74c00b83cd,2026-05-19T07:00:00+00:00
a1b2c3d4-e5f6-7890-abcd-ef1234567890,c3e955e3bf70477490262e50f6d8,1fda4644-c4a6-4abd-b169-7d4a5e9f22eb,2026-05-19T07:00:00+00:00
a1b2c3d4-e5f6-7890-abcd-ef1234567890,c3e955e3bf70477490262e50f6d8,7230caef-974d-4412-ac70-8d62dbf66723,2026-05-19T07:00:00+00:00
a1b2c3d4-e5f6-7890-abcd-ef1234567890,c3e955e3bf70477490262e50f6d8,489057f4-72ac-45b4-b2f7-27b8093fab48,2026-05-19T07:00:00+00:00
a1b2c3d4-e5f6-7890-abcd-ef1234567890,c3e955e3bf70477490262e50f6d8,dce76b0e-46a6-48ef-b3b3-15e44e7b95f0,2026-05-19T07:00:00+00:00
a1b2c3d4-e5f6-7890-abcd-ef1234567890,c3e955e3bf70477490262e50f6d8,4a2b7158-9543-4d61-8668-8cb146d33f17,2026-05-19T07:00:00+00:00
a1b2c3d4-e5f6-7890-abcd-ef1234567890,c3e955e3bf70477490262e50f6d8,e5252f6a-a941-44c8-8aa1-a3fc13adcd7e,2026-05-19T07:00:00+00:00
a1b2c3d4-e5f6-7890-abcd-ef1234567890,c3e955e3bf70477490262e50f6d8,0bb83a97-6114-4feb-9ff6-7c8e2ed8666d,2026-05-19T07:00:00+00:00
a1b2c3d4-e5f6-7890-abcd-ef1234567890,c3e955e3bf70477490262e50f6d8,c1cc1139-4947-48e1-a47f-c3e7bbdd01f0,2026-05-19T07:00:00+00:00
a1b2c3d4-e5f6-7890-abcd-ef1234567890,c3e955e3bf70477490262e50f6d8,ef15d1dc-43b8-46ef-b8b0-914904d803da,2026-05-19T07:00:00+00:00
a1b2c3d4-e5f6-7890-abcd-ef1234567890,c3e955e3bf70477490262e50f6d8,dbe8e7d8-72da-4b5e-97bd-56dbe3608728,2026-05-19T07:00:00+00:00
a1b2c3d4-e5f6-7890-abcd-ef1234567890,c3e955e3bf70477490262e50f6d8,19efc06f-bb69-403b-bfd8-8a2a54d7da38,2026-05-19T07:00:00+00:00
a1b2c3d4-e5f6-7890-abcd-ef1234567890,c3e955e3bf70477490262e50f6d8,3ff356fd-c950-457c-af37-eada56bf9acd,2026-05-19T07:00:00+00:00
a1b2c3d4-e5f6-7890-abcd-ef1234567890,c3e955e3bf70477490262e50f6d8,f8eaaff3-078f-4d23-a1d2-1bb07f5a481c,2026-05-19T07:00:00+00:00
a1b2c3d4-e5f6-7890-abcd-ef1234567890,c3e955e3bf70477490262e50f6d8,fe2c88c9-a74b-4609-b5fe-4dfd577889bc,2026-05-19T07:00:00+00:00
a1b2c3d4-e5f6-7890-abcd-ef1234567890,c3e955e3bf70477490262e50f6d8,0a366415-6f7e-4e35-b516-037aabee2be1,2026-05-19T07:00:00+00:00
a1b2c3d4-e5f6-7890-abcd-ef1234567890,c3e955e3bf70477490262e50f6d8,3a840020-b76b-41d8-9f1f-4a3123b97b3b,2026-05-19T07:00:00+00:00
a1b2c3d4-e5f6-7890-abcd-ef1234567890,c3e955e3bf70477490262e50f6d8,5ccb3b28-8f6f-4e68-8e8e-78272b27bc11,2026-05-19T07:00:00+00:00
a1b2c3d4-e5f6-7890-abcd-ef1234567890,c3e955e3bf70477490262e50f6d8,8d7fcb8f-09e5-4d98-9200-a7de81d25f43,2026-05-19T07:00:00+00:00
a1b2c3d4-e5f6-7890-abcd-ef1234567890,c3e955e3bf70477490262e50f6d8,6cf183cb-94c3-451b-b371-ae08f3256fab,2026-05-19T07:00:00+00:00
a1b2c3d4-e5f6-7890-abcd-ef1234567890,c3e955e3bf70477490262e50f6d8,7a5315e2-0e66-4964-8a5d-bc745c99f556,2026-05-19T07:00:00+00:00
a1b2c3d4-e5f6-7890-abcd-ef1234567890,c3e955e3bf70477490262e50f6d8,41ab72c7-859a-4446-8515-170c26796ba8,2026-05-19T07:00:00+00:00
a1b2c3d4-e5f6-7890-abcd-ef1234567890,c3e955e3bf70477490262e50f6d8,bdd8f762-8186-4ce0-a34b-6d379f0615c1,2026-05-19T07:00:00+00:00
a1b2c3d4-e5f6-7890-abcd-ef1234567890,c3e955e3bf70477490262e50f6d8,2a9987f2-6247-4d19-b27d-09cd7344a1aa,2026-05-19T07:00:00+00:00
a1b2c3d4-e5f6-7890-abcd-ef1234567890,c3e955e3bf70477490262e50f6d8,fa704cfa-a9b8-4dcc-afde-6813aa4a18bc,2026-05-19T07:00:00+00:00
a1b2c3d4-e5f6-7890-abcd-ef1234567890,c3e955e3bf70477490262e50f6d8,f0416d9c-19e2-4823-9b47-4a2e8ca6807a,2026-05-19T07:00:00+00:00
a1b2c3d4-e5f6-7890-abcd-ef1234567890,c3e955e3bf70477490262e50f6d8,cf1b1f77-e7de-4527-bb17-be23ba7abea0,2026-05-19T07:00:00+00:00
a1b2c3d4-e5f6-7890-abcd-ef1234567890,c3e955e3bf70477490262e50f6d8,f6784416-a1e0-40e9-8ea4-ee931f9cf685,2026-05-19T07:00:00+00:00
a1b2c3d4-e5f6-7890-abcd-ef1234567890,c3e955e3bf70477490262e50f6d8,cf0bc93d-3ba5-4e9f-a207-44ab60ff135c,2026-05-19T07:00:00+00:00
a1b2c3d4-e5f6-7890-abcd-ef1234567890,c3e955e3bf70477490262e50f6d8,88af5e3a-739d-4390-8b96-38c329eabe67,2026-05-19T07:00:00+00:00
a1b2c3d4-e5f6-7890-abcd-ef1234567890,c3e955e3bf70477490262e50f6d8,849337f3-3679-431d-a3f1-2ec2871cdabc,2026-05-19T07:00:00+00:00
a1b2c3d4-e5f6-7890-abcd-ef1234567890,c3e955e3bf70477490262e50f6d8,43ecaba3-87b9-4a33-ae87-04730c80670f,2026-05-19T07:00:00+00:00
a1b2c3d4-e5f6-7890-abcd-ef1234567890,c3e955e3bf70477490262e50f6d8,6877f953-d298-46cf-bc28-72ea81186c65,2026-05-19T07:00:00+00:00
a1b2c3d4-e5f6-7890-abcd-ef1234567890,c3e955e3bf70477490262e50f6d8,93dd030b-b11a-42f4-85d1-dfb406855663,2026-05-19T07:00:00+00:00
a1b2c3d4-e5f6-7890-abcd-ef1234567890,c3e955e3bf70477490262e50f6d8,130d1e74-6aa0-4f30-8b27-5b2aebfe0494,2026-05-19T07:00:00+00:00
a1b2c3d4-e5f6-7890-abcd-ef1234567890,c3e955e3bf70477490262e50f6d8,51d30465-5e76-443a-8a46-750c4b09c271,2026-05-19T07:00:00+00:00
a1b2c3d4-e5f6-7890-abcd-ef1234567890,c3e955e3bf70477490262e50f6d8,e5c3f573-fd87-431a-b39b-8c0ae029c204,2026-05-19T07:00:00+00:00
a1b2c3d4-e5f6-7890-abcd-ef1234567890,c3e955e3bf70477490262e50f6d8,f8b62f7d-6098-4e06-a7ee-82bd21ed7403,2026-05-19T07:00:00+00:00
a1b2c3d4-e5f6-7890-abcd-ef1234567890,c3e955e3bf70477490262e50f6d8,7f6c689f-ff58-44b6-a3c6-23f44588370f,2026-05-19T07:00:00+00:00
a1b2c3d4-e5f6-7890-abcd-ef1234567890,c3e955e3bf70477490262e50f6d8,3f60c38c-fe83-4c1d-8b00-60357a2220fa,2026-05-19T07:00:00+00:00
a1b2c3d4-e5f6-7890-abcd-ef1234567890,c3e955e3bf70477490262e50f6d8,653548ea-9a9f-465f-ac59-758273d1bfd5,2026-05-19T07:00:00+00:00
a1b2c3d4-e5f6-7890-abcd-ef1234567890,c3e955e3bf70477490262e50f6d8,11c2f514-5f04-4cad-8aaa-ef139c1aed55,2026-05-19T07:00:00+00:00
a1b2c3d4-e5f6-7890-abcd-ef1234567890,c3e955e3bf70477490262e50f6d8,02a5e59a-26df-4068-aaf0-7f503ae460c6,2026-05-19T07:00:00+00:00
a1b2c3d4-e5f6-7890-abcd-ef1234567890,c3e955e3bf70477490262e50f6d8,88abea64-367a-4cdb-9c15-257cab72067d,2026-05-19T07:00:00+00:00
a1b2c3d4-e5f6-7890-abcd-ef1234567890,c3e955e3bf70477490262e50f6d8,fe144120-a371-49db-bdad-f37725f98906,2026-05-19T07:00:00+00:00
a1b2c3d4-e5f6-7890-abcd-ef1234567890,c3e955e3bf70477490262e50f6d8,abe4bdce-2e7e-4724-a7d4-632f78a2f848,2026-05-19T07:00:00+00:00
a1b2c3d4-e5f6-7890-abcd-ef1234567890,c3e955e3bf70477490262e50f6d8,3bf7f09a-3a20-469a-9e8b-925a842d5617,2026-05-19T07:00:00+00:00
a1b2c3d4-e5f6-7890-abcd-ef1234567890,c3e955e3bf70477490262e50f6d8,cc9ada5a-8c8c-445e-9027-1328b6f50a7a,2026-05-19T07:00:00+00:00
a1b2c3d4-e5f6-7890-abcd-ef1234567890,c3e955e3bf70477490262e50f6d8,78aec37a-faa8-4d9c-b2c3-442ebc14ad70,2026-05-19T07:00:00+00:00
a1b2c3d4-e5f6-7890-abcd-ef1234567890,c3e955e3bf70477490262e50f6d8,1fe8606b-a945-4853-828b-82842563fa31,2026-05-19T07:00:00+00:00
a1b2c3d4-e5f6-7890-abcd-ef1234567890,c3e955e3bf70477490262e50f6d8,a4ef6a61-41b8-47b9-ad92-3b8845c6ef49,2026-05-19T07:00:00+00:00
a1b2c3d4-e5f6-7890-abcd-ef1234567890,c3e955e3bf70477490262e50f6d8,868b06e4-46ba-49a1-8902-fbb0627a219a,2026-05-19T07:00:00+00:00
a1b2c3d4-e5f6-7890-abcd-ef1234567890,c3e955e3bf70477490262e50f6d8,bfc2186b-fadd-4e4d-979f-408f7de73f5b,2026-05-19T07:00:00+00:00
a1b2c3d4-e5f6-7890-abcd-ef1234567890,c3e955e3bf70477490262e50f6d8,c978bb16-9bbc-4afb-99b9-8730e264ff98,2026-05-19T07:00:00+00:00
a1b2c3d4-e5f6-7890-abcd-ef1234567890,c3e955e3bf70477490262e50f6d8,8a2b60fe-1943-46d2-913e-f950efa2c425,2026-05-19T07:00:00+00:00
a1b2c3d4-e5f6-7890-abcd-ef1234567890,c3e955e3bf70477490262e50f6d8,1eba140d-0138-4b07-82e5-9480cba0819f,2026-05-19T07:00:00+00:00
a1b2c3d4-e5f6-7890-abcd-ef1234567890,c3e955e3bf70477490262e50f6d8,a924c995-54c8-4303-a14e-1006599c4171,2026-05-19T07:00:00+00:00
a1b2c3d4-e5f6-7890-abcd-ef1234567890,8a8ffefffbd24e2690f3870c8278,50138186-c833-44b7-a712-3590fdc543e1,2026-05-19T07:00:00+00:00
a1b2c3d4-e5f6-7890-abcd-ef1234567890,8a8ffefffbd24e2690f3870c8278,a956349b-9cec-41a5-a2f1-3fb7ddfe5899,2026-05-19T07:00:00+00:00
a1b2c3d4-e5f6-7890-abcd-ef1234567890,8a8ffefffbd24e2690f3870c8278,341d93fc-e858-4b42-a475-4d659eaf1624,2026-05-19T07:00:00+00:00
a1b2c3d4-e5f6-7890-abcd-ef1234567890,8a8ffefffbd24e2690f3870c8278,d23cf707-6eb2-403b-a004-717a94328369,2026-05-19T07:00:00+00:00
a1b2c3d4-e5f6-7890-abcd-ef1234567890,8a8ffefffbd24e2690f3870c8278,1956c9af-b9e9-4aa7-8db7-637c6965e1ce,2026-05-19T07:00:00+00:00
a1b2c3d4-e5f6-7890-abcd-ef1234567890,8a8ffefffbd24e2690f3870c8278,af9ec7fd-4548-4e84-bb6a-2644b814a1c2,2026-05-19T07:00:00+00:00
a1b2c3d4-e5f6-7890-abcd-ef1234567890,8a8ffefffbd24e2690f3870c8278,c817eb32-14a7-4851-b8a6-b681aaf4a8c5,2026-05-19T07:00:00+00:00
a1b2c3d4-e5f6-7890-abcd-ef1234567890,8a8ffefffbd24e2690f3870c8278,a61ba7b5-2323-4100-998f-2d7e9cc681b4,2026-05-19T07:00:00+00:00
a1b2c3d4-e5f6-7890-abcd-ef1234567890,8a8ffefffbd24e2690f3870c8278,2fc99752-253f-4adc-bd18-24baf3303891,2026-05-19T07:00:00+00:00
a1b2c3d4-e5f6-7890-abcd-ef1234567890,8a8ffefffbd24e2690f3870c8278,be5c97ce-30da-44cc-aed2-f3c2f10b5d4c,2026-05-19T07:00:00+00:00
a1b2c3d4-e5f6-7890-abcd-ef1234567890,8a8ffefffbd24e2690f3870c8278,7de6fc8b-5bbc-45eb-9d8a-3457bd4f3c1d,2026-05-19T07:00:00+00:00
a1b2c3d4-e5f6-7890-abcd-ef1234567890,8a8ffefffbd24e2690f3870c8278,60287b7a-231b-4282-8b36-0214b330d8a3,2026-05-19T07:00:00+00:00
a1b2c3d4-e5f6-7890-abcd-ef1234567890,8a8ffefffbd24e2690f3870c8278,9faf6580-731b-4a0b-b157-a8b639646371,2026-05-19T07:00:00+00:00
a1b2c3d4-e5f6-7890-abcd-ef1234567890,8a8ffefffbd24e2690f3870c8278,24569ad7-9d9d-4a93-b8e4-527aaeb77d84,2026-05-19T07:00:00+00:00
a1b2c3d4-e5f6-7890-abcd-ef1234567890,8a8ffefffbd24e2690f3870c8278,2593d89d-3e80-4246-83d8-4db00502d660,2026-05-19T07:00:00+00:00
a1b2c3d4-e5f6-7890-abcd-ef1234567890,8a8ffefffbd24e2690f3870c8278,69e1b285-4629-4b66-908e-86c60a628cd0,2026-05-19T07:00:00+00:00
a1b2c3d4-e5f6-7890-abcd-ef1234567890,8a8ffefffbd24e2690f3870c8278,531ebf9b-7612-474b-b468-7d77024181c7,2026-05-19T07:00:00+00:00
a1b2c3d4-e5f6-7890-abcd-ef1234567890,8a8ffefffbd24e2690f3870c8278,af5d451a-6182-4215-8369-77aa6756033f,2026-05-19T07:00:00+00:00
a1b2c3d4-e5f6-7890-abcd-ef1234567890,8a8ffefffbd24e2690f3870c8278,dd71026f-9b78-4ae3-95c0-8f7449f2c99c,2026-05-19T07:00:00+00:00
a1b2c3d4-e5f6-7890-abcd-ef1234567890,8a8ffefffbd24e2690f3870c8278,c5476e33-730f-451c-8860-02872668b34c,2026-05-19T07:00:00+00:00
a1b2c3d4-e5f6-7890-abcd-ef1234567890,8a8ffefffbd24e2690f3870c8278,bcba1dbd-d164-4c19-ac37-9c2b3dc31775,2026-05-19T07:00:00+00:00
a1b2c3d4-e5f6-7890-abcd-ef1234567890,8a8ffefffbd24e2690f3870c8278,22d3c633-172b-404d-8263-fbfce67343a7,2026-05-19T07:00:00+00:00
a1b2c3d4-e5f6-7890-abcd-ef1234567890,8a8ffefffbd24e2690f3870c8278,b05e9265-e851-47a0-bbfe-17cacb25ccd8,2026-05-19T07:00:00+00:00
a1b2c3d4-e5f6-7890-abcd-ef1234567890,8a8ffefffbd24e2690f3870c8278,5a4bc483-7e6c-4e0e-827d-14690d0f0e96,2026-05-19T07:00:00+00:00
a1b2c3d4-e5f6-7890-abcd-ef1234567890,8a8ffefffbd24e2690f3870c8278,16873ac4-dac7-442b-8995-0c92c7632437,2026-05-19T07:00:00+00:00
a1b2c3d4-e5f6-7890-abcd-ef1234567890,8a8ffefffbd24e2690f3870c8278,f0b2834f-fe5a-480b-b875-61c9b08f2f56,2026-05-19T07:00:00+00:00
a1b2c3d4-e5f6-7890-abcd-ef1234567890,8a8ffefffbd24e2690f3870c8278,6184b430-9420-48dc-b675-0bfb20edbf2d,2026-05-19T07:00:00+00:00
a1b2c3d4-e5f6-7890-abcd-ef1234567890,8a8ffefffbd24e2690f3870c8278,ee1bf0d4-b84c-444c-940c-eac352df6eed,2026-05-19T07:00:00+00:00
a1b2c3d4-e5f6-7890-abcd-ef1234567890,8a8ffefffbd24e2690f3870c8278,f2d7c275-ff98-4986-bdff-d4aa44512a29,2026-05-19T07:00:00+00:00
a1b2c3d4-e5f6-7890-abcd-ef1234567890,8a8ffefffbd24e2690f3870c8278,bd79b1cf-7ef8-43bb-9c97-94ef47f5bae7,2026-05-19T07:00:00+00:00
a1b2c3d4-e5f6-7890-abcd-ef1234567890,8a8ffefffbd24e2690f3870c8278,b5c09d5f-8b4a-417c-9e71-80cf7df5f302,2026-05-19T07:00:00+00:00
a1b2c3d4-e5f6-7890-abcd-ef1234567890,8a8ffefffbd24e2690f3870c8278,bc4c946e-b219-4f32-a734-46a8ee3cdf12,2026-05-19T07:00:00+00:00
a1b2c3d4-e5f6-7890-abcd-ef1234567890,8a8ffefffbd24e2690f3870c8278,caf6dd57-e082-4652-9e73-3a94f1fa1eb5,2026-05-19T07:00:00+00:00
a1b2c3d4-e5f6-7890-abcd-ef1234567890,8a8ffefffbd24e2690f3870c8278,a47939b7-651d-45dd-99fd-86184216d8ad,2026-05-19T07:00:00+00:00
a1b2c3d4-e5f6-7890-abcd-ef1234567890,8a8ffefffbd24e2690f3870c8278,e0d2ebe1-9a98-485d-8b70-bee64d5bbdb7,2026-05-19T07:00:00+00:00
a1b2c3d4-e5f6-7890-abcd-ef1234567890,8a8ffefffbd24e2690f3870c8278,51ada687-034a-4825-8e9a-91b40268cc85,2026-05-19T07:00:00+00:00
a1b2c3d4-e5f6-7890-abcd-ef1234567890,8a8ffefffbd24e2690f3870c8278,b813c598-a673-44e5-8738-72aaff15b6e3,2026-05-19T07:00:00+00:00
a1b2c3d4-e5f6-7890-abcd-ef1234567890,8a8ffefffbd24e2690f3870c8278,970a833a-d77b-4052-8de5-bed819f0ed4d,2026-05-19T07:00:00+00:00
a1b2c3d4-e5f6-7890-abcd-ef1234567890,8a8ffefffbd24e2690f3870c8278,bf9466d6-4930-476e-a41e-9acfc186c63b,2026-05-19T07:00:00+00:00
a1b2c3d4-e5f6-7890-abcd-ef1234567890,8a8ffefffbd24e2690f3870c8278,b454f23c-49d9-4578-98f5-e75b52f0fba7,2026-05-19T07:00:00+00:00
a1b2c3d4-e5f6-7890-abcd-ef1234567890,8a8ffefffbd24e2690f3870c8278,1706287f-2512-4a5e-900d-6c423d1bddef,2026-05-19T07:00:00+00:00
a1b2c3d4-e5f6-7890-abcd-ef1234567890,8a8ffefffbd24e2690f3870c8278,ecb7d47a-9dce-45d2-9dbb-9cec173a5cdc,2026-05-19T07:00:00+00:00
a1b2c3d4-e5f6-7890-abcd-ef1234567890,8a8ffefffbd24e2690f3870c8278,7fe2df4b-3e9e-4d44-bbad-c7a861058b2c,2026-05-19T07:00:00+00:00
a1b2c3d4-e5f6-7890-abcd-ef1234567890,8a8ffefffbd24e2690f3870c8278,0d516acf-8e6c-4821-b815-f79496dcecae,2026-05-19T07:00:00+00:00
a1b2c3d4-e5f6-7890-abcd-ef1234567890,8a8ffefffbd24e2690f3870c8278,34d93d49-4b4f-4e45-9e8e-fc3c9252825c,2026-05-19T07:00:00+00:00
a1b2c3d4-e5f6-7890-abcd-ef1234567890,8a8ffefffbd24e2690f3870c8278,ab71bc45-4df1-4f74-abfc-6246d4084015,2026-05-19T07:00:00+00:00
a1b2c3d4-e5f6-7890-abcd-ef1234567890,8a8ffefffbd24e2690f3870c8278,e1f97397-e1a3-4ceb-a0b9-3c653a56df00,2026-05-19T07:00:00+00:00
a1b2c3d4-e5f6-7890-abcd-ef1234567890,8a8ffefffbd24e2690f3870c8278,2f11570f-61b5-4039-b9ed-6d310b9d2d70,2026-05-19T07:00:00+00:00
a1b2c3d4-e5f6-7890-abcd-ef1234567890,8a8ffefffbd24e2690f3870c8278,53560c3a-6d92-495a-b76f-517151c3ec65,2026-05-19T07:00:00+00:00
a1b2c3d4-e5f6-7890-abcd-ef1234567890,8a8ffefffbd24e2690f3870c8278,d4c17da4-35da-4ce7-bcdb-d264b330f5a1,2026-05-19T07:00:00+00:00
a1b2c3d4-e5f6-7890-abcd-ef1234567890,8a8ffefffbd24e2690f3870c8278,1d3eded8-b45f-4724-8360-f8b9e71469f0,2026-05-19T07:00:00+00:00
a1b2c3d4-e5f6-7890-abcd-ef1234567890,8a8ffefffbd24e2690f3870c8278,9a912ff0-626c-4b12-915e-8d8746ec42ea,2026-05-19T07:00:00+00:00
a1b2c3d4-e5f6-7890-abcd-ef1234567890,8a8ffefffbd24e2690f3870c8278,38962967-387a-445a-aa47-33fd2d1d96a4,2026-05-19T07:00:00+00:00
a1b2c3d4-e5f6-7890-abcd-ef1234567890,8a8ffefffbd24e2690f3870c8278,b220d55e-3b3e-4324-8f5a-60acd66e3fb1,2026-05-19T07:00:00+00:00
a1b2c3d4-e5f6-7890-abcd-ef1234567890,8a8ffefffbd24e2690f3870c8278,fe1d4556-ec33-40c5-a44f-e6007c7841dc,2026-05-19T07:00:00+00:00
a1b2c3d4-e5f6-7890-abcd-ef1234567890,8a8ffefffbd24e2690f3870c8278,5707d4c2-1613-4837-908f-e883fe4a737d,2026-05-19T07:00:00+00:00
a1b2c3d4-e5f6-7890-abcd-ef1234567890,8a8ffefffbd24e2690f3870c8278,afba90b0-61ca-4be6-848d-fce5300abcb3,2026-05-19T07:00:00+00:00
a1b2c3d4-e5f6-7890-abcd-ef1234567890,8a8ffefffbd24e2690f3870c8278,4264369b-83a8-49b0-a393-6499d69fa9f6,2026-05-19T07:00:00+00:00
a1b2c3d4-e5f6-7890-abcd-ef1234567890,8a8ffefffbd24e2690f3870c8278,b78eec66-0b25-462c-8270-7e5699ed3a4c,2026-05-19T07:00:00+00:00
a1b2c3d4-e5f6-7890-abcd-ef1234567890,8a8ffefffbd24e2690f3870c8278,ebc325a4-3b5f-4828-95a6-c71cacd1d403,2026-05-19T07:00:00+00:00
a1b2c3d4-e5f6-7890-abcd-ef1234567890,8a8ffefffbd24e2690f3870c8278,8cb40465-f79d-486a-9450-973852852d4b,2026-05-19T07:00:00+00:00
a1b2c3d4-e5f6-7890-abcd-ef1234567890,8a8ffefffbd24e2690f3870c8278,0276f701-5e6e-4a31-a9d4-1508d62ef2c5,2026-05-19T07:00:00+00:00
a1b2c3d4-e5f6-7890-abcd-ef1234567890,8a8ffefffbd24e2690f3870c8278,fb4ba5aa-0d86-4e5b-937e-183c4989f3e0,2026-05-19T07:00:00+00:00
a1b2c3d4-e5f6-7890-abcd-ef1234567890,8a8ffefffbd24e2690f3870c8278,f2658a8c-5c29-4ff8-b9f4-6c6ec34b83f5,2026-05-19T07:00:00+00:00
a1b2c3d4-e5f6-7890-abcd-ef1234567890,8a8ffefffbd24e2690f3870c8278,91f072ef-82d5-4d76-834c-3ac56e21cfa9,2026-05-19T07:00:00+00:00
a1b2c3d4-e5f6-7890-abcd-ef1234567890,8a8ffefffbd24e2690f3870c8278,de6341b0-6040-4525-9141-0cab01538b81,2026-05-19T07:00:00+00:00
a1b2c3d4-e5f6-7890-abcd-ef1234567890,8a8ffefffbd24e2690f3870c8278,dff70991-5065-4137-bc8e-00572f4417fe,2026-05-19T07:00:00+00:00
a1b2c3d4-e5f6-7890-abcd-ef1234567890,8a8ffefffbd24e2690f3870c8278,f81c31a1-854a-4973-b25b-d20a3a36291a,2026-05-19T07:00:00+00:00
a1b2c3d4-e5f6-7890-abcd-ef1234567890,8a8ffefffbd24e2690f3870c8278,3dda82b8-1fd9-45a3-aaa7-29f48fbcc07f,2026-05-19T07:00:00+00:00
a1b2c3d4-e5f6-7890-abcd-ef1234567890,8a8ffefffbd24e2690f3870c8278,83e33415-ef70-44e3-a789-5f908b781756,2026-05-19T07:00:00+00:00
a1b2c3d4-e5f6-7890-abcd-ef1234567890,8a8ffefffbd24e2690f3870c8278,8717aa78-59fe-4121-a9b1-af48ad244ca0,2026-05-19T07:00:00+00:00
a1b2c3d4-e5f6-7890-abcd-ef1234567890,8a8ffefffbd24e2690f3870c8278,d0f1a8d3-88a3-49a9-ba69-b11e75daa081,2026-05-19T07:00:00+00:00
a1b2c3d4-e5f6-7890-abcd-ef1234567890,8a8ffefffbd24e2690f3870c8278,0762214f-7b7e-4e0b-9a20-bf9c284a7beb,2026-05-19T07:00:00+00:00
a1b2c3d4-e5f6-7890-abcd-ef1234567890,8a8ffefffbd24e2690f3870c8278,1d0704be-7422-4731-9522-8b9e316e565d,2026-05-19T07:00:00+00:00
a1b2c3d4-e5f6-7890-abcd-ef1234567890,8a8ffefffbd24e2690f3870c8278,bc49467e-902d-45a0-bd72-044d423cb67a,2026-05-19T07:00:00+00:00
a1b2c3d4-e5f6-7890-abcd-ef1234567890,8a8ffefffbd24e2690f3870c8278,def569f0-bc15-4443-9055-f11d868eeb38,2026-05-19T07:00:00+00:00
a1b2c3d4-e5f6-7890-abcd-ef1234567890,8a8ffefffbd24e2690f3870c8278,d6257b06-1051-443d-b57e-62d090d7f698,2026-05-19T07:00:00+00:00
a1b2c3d4-e5f6-7890-abcd-ef1234567890,8a8ffefffbd24e2690f3870c8278,b03172fa-6696-444e-8d1b-78dafbb29fc0,2026-05-19T07:00:00+00:00
a1b2c3d4-e5f6-7890-abcd-ef1234567890,8a8ffefffbd24e2690f3870c8278,067a5a10-4969-4438-8c09-8e3918ec7d7b,2026-05-19T07:00:00+00:00
a1b2c3d4-e5f6-7890-abcd-ef1234567890,8a8ffefffbd24e2690f3870c8278,911d38b2-57f5-4f6b-97c8-17a7205336df,2026-05-19T07:00:00+00:00
a1b2c3d4-e5f6-7890-abcd-ef1234567890,1ba3c277df5f4e5781c75143c7cb,b2d0da32-671a-4b0e-a284-317936e34cfa,2026-05-19T07:00:00+00:00
a1b2c3d4-e5f6-7890-abcd-ef1234567890,1ba3c277df5f4e5781c75143c7cb,98138dfd-a67a-414f-aaaa-84c1a9988b1b,2026-05-19T07:00:00+00:00
a1b2c3d4-e5f6-7890-abcd-ef1234567890,1ba3c277df5f4e5781c75143c7cb,e2785795-4a3e-4e76-88d9-bb7e6ce77bfd,2026-05-19T07:00:00+00:00
a1b2c3d4-e5f6-7890-abcd-ef1234567890,1ba3c277df5f4e5781c75143c7cb,75c502c2-5855-4f87-8049-4e2481ffa169,2026-05-19T07:00:00+00:00
a1b2c3d4-e5f6-7890-abcd-ef1234567890,1ba3c277df5f4e5781c75143c7cb,c7b6be19-561a-40f8-b3c0-0c5fd54e979b,2026-05-19T07:00:00+00:00
a1b2c3d4-e5f6-7890-abcd-ef1234567890,1ba3c277df5f4e5781c75143c7cb,a92d8c73-ef27-41bd-99b3-905f5adb256f,2026-05-19T07:00:00+00:00
a1b2c3d4-e5f6-7890-abcd-ef1234567890,1ba3c277df5f4e5781c75143c7cb,3dadc4a4-539b-4682-9f2f-1c2d90c49a53,2026-05-19T07:00:00+00:00
a1b2c3d4-e5f6-7890-abcd-ef1234567890,1ba3c277df5f4e5781c75143c7cb,5382ab43-3de8-4bea-9a77-e0de4986fd60,2026-05-19T07:00:00+00:00
a1b2c3d4-e5f6-7890-abcd-ef1234567890,1ba3c277df5f4e5781c75143c7cb,b45b4ac0-d01c-4a88-991e-1df48b3b8855,2026-05-19T07:00:00+00:00
a1b2c3d4-e5f6-7890-abcd-ef1234567890,1ba3c277df5f4e5781c75143c7cb,0faaebb9-0d77-4c27-bf9a-f259310893f3,2026-05-19T07:00:00+00:00
a1b2c3d4-e5f6-7890-abcd-ef1234567890,1ba3c277df5f4e5781c75143c7cb,4da4650f-1dd2-4d92-a2b4-74e9462fdcb6,2026-05-19T07:00:00+00:00
a1b2c3d4-e5f6-7890-abcd-ef1234567890,1ba3c277df5f4e5781c75143c7cb,eafe4c9f-6ac6-40ba-bd73-c4a02a3ba7f4,2026-05-19T07:00:00+00:00
a1b2c3d4-e5f6-7890-abcd-ef1234567890,1ba3c277df5f4e5781c75143c7cb,ec083fee-89dc-4809-a08c-e455b692bb33,2026-05-19T07:00:00+00:00
a1b2c3d4-e5f6-7890-abcd-ef1234567890,1ba3c277df5f4e5781c75143c7cb,bf0049ca-7929-472d-8c37-5e1b190b0d93,2026-05-19T07:00:00+00:00
a1b2c3d4-e5f6-7890-abcd-ef1234567890,1ba3c277df5f4e5781c75143c7cb,26fc0e8d-740f-4d03-a3b3-6005ec33d5be,2026-05-19T07:00:00+00:00
a1b2c3d4-e5f6-7890-abcd-ef1234567890,1ba3c277df5f4e5781c75143c7cb,b31f4a73-88ea-4356-8848-7a01f5acec1f,2026-05-19T07:00:00+00:00
a1b2c3d4-e5f6-7890-abcd-ef1234567890,1ba3c277df5f4e5781c75143c7cb,d4a5f667-1bc6-4e35-b9db-7cb12b8fecb4,2026-05-19T07:00:00+00:00
a1b2c3d4-e5f6-7890-abcd-ef1234567890,1ba3c277df5f4e5781c75143c7cb,913c87b6-9acc-4fa3-a818-367dc41a8082,2026-05-19T07:00:00+00:00
a1b2c3d4-e5f6-7890-abcd-ef1234567890,1ba3c277df5f4e5781c75143c7cb,28f80f41-4287-45ab-991e-6cd3afe0330b,2026-05-19T07:00:00+00:00
a1b2c3d4-e5f6-7890-abcd-ef1234567890,1ba3c277df5f4e5781c75143c7cb,b39f0a46-2f99-4d61-8959-d16cdbf493b3,2026-05-19T07:00:00+00:00
a1b2c3d4-e5f6-7890-abcd-ef1234567890,1ba3c277df5f4e5781c75143c7cb,c8037612-3041-4b01-901e-842ec942b965,2026-05-19T07:00:00+00:00
a1b2c3d4-e5f6-7890-abcd-ef1234567890,1ba3c277df5f4e5781c75143c7cb,a956349b-9cec-41a5-a2f1-3fb7ddfe5899,2026-05-19T07:00:00+00:00
a1b2c3d4-e5f6-7890-abcd-ef1234567890,1ba3c277df5f4e5781c75143c7cb,d23cf707-6eb2-403b-a004-717a94328369,2026-05-19T07:00:00+00:00
a1b2c3d4-e5f6-7890-abcd-ef1234567890,1ba3c277df5f4e5781c75143c7cb,1956c9af-b9e9-4aa7-8db7-637c6965e1ce,2026-05-19T07:00:00+00:00
a1b2c3d4-e5f6-7890-abcd-ef1234567890,1ba3c277df5f4e5781c75143c7cb,9faf6580-731b-4a0b-b157-a8b639646371,2026-05-19T07:00:00+00:00
a1b2c3d4-e5f6-7890-abcd-ef1234567890,1ba3c277df5f4e5781c75143c7cb,24569ad7-9d9d-4a93-b8e4-527aaeb77d84,2026-05-19T07:00:00+00:00
a1b2c3d4-e5f6-7890-abcd-ef1234567890,1ba3c277df5f4e5781c75143c7cb,af5d451a-6182-4215-8369-77aa6756033f,2026-05-19T07:00:00+00:00
a1b2c3d4-e5f6-7890-abcd-ef1234567890,1ba3c277df5f4e5781c75143c7cb,dd71026f-9b78-4ae3-95c0-8f7449f2c99c,2026-05-19T07:00:00+00:00
a1b2c3d4-e5f6-7890-abcd-ef1234567890,1ba3c277df5f4e5781c75143c7cb,c5476e33-730f-451c-8860-02872668b34c,2026-05-19T07:00:00+00:00
a1b2c3d4-e5f6-7890-abcd-ef1234567890,1ba3c277df5f4e5781c75143c7cb,5a4bc483-7e6c-4e0e-827d-14690d0f0e96,2026-05-19T07:00:00+00:00
a1b2c3d4-e5f6-7890-abcd-ef1234567890,1ba3c277df5f4e5781c75143c7cb,f0b2834f-fe5a-480b-b875-61c9b08f2f56,2026-05-19T07:00:00+00:00
a1b2c3d4-e5f6-7890-abcd-ef1234567890,1ba3c277df5f4e5781c75143c7cb,f2d7c275-ff98-4986-bdff-d4aa44512a29,2026-05-19T07:00:00+00:00
a1b2c3d4-e5f6-7890-abcd-ef1234567890,1ba3c277df5f4e5781c75143c7cb,caf6dd57-e082-4652-9e73-3a94f1fa1eb5,2026-05-19T07:00:00+00:00
a1b2c3d4-e5f6-7890-abcd-ef1234567890,1ba3c277df5f4e5781c75143c7cb,a47939b7-651d-45dd-99fd-86184216d8ad,2026-05-19T07:00:00+00:00
a1b2c3d4-e5f6-7890-abcd-ef1234567890,1ba3c277df5f4e5781c75143c7cb,b813c598-a673-44e5-8738-72aaff15b6e3,2026-05-19T07:00:00+00:00
a1b2c3d4-e5f6-7890-abcd-ef1234567890,1ba3c277df5f4e5781c75143c7cb,b454f23c-49d9-4578-98f5-e75b52f0fba7,2026-05-19T07:00:00+00:00
a1b2c3d4-e5f6-7890-abcd-ef1234567890,06e0a9c2d4ab497f8212b832faf2,b2d0da32-671a-4b0e-a284-317936e34cfa,2026-05-19T07:00:00+00:00
a1b2c3d4-e5f6-7890-abcd-ef1234567890,06e0a9c2d4ab497f8212b832faf2,98138dfd-a67a-414f-aaaa-84c1a9988b1b,2026-05-19T07:00:00+00:00
a1b2c3d4-e5f6-7890-abcd-ef1234567890,06e0a9c2d4ab497f8212b832faf2,e2785795-4a3e-4e76-88d9-bb7e6ce77bfd,2026-05-19T07:00:00+00:00
a1b2c3d4-e5f6-7890-abcd-ef1234567890,06e0a9c2d4ab497f8212b832faf2,75c502c2-5855-4f87-8049-4e2481ffa169,2026-05-19T07:00:00+00:00
a1b2c3d4-e5f6-7890-abcd-ef1234567890,06e0a9c2d4ab497f8212b832faf2,c7b6be19-561a-40f8-b3c0-0c5fd54e979b,2026-05-19T07:00:00+00:00
a1b2c3d4-e5f6-7890-abcd-ef1234567890,06e0a9c2d4ab497f8212b832faf2,a92d8c73-ef27-41bd-99b3-905f5adb256f,2026-05-19T07:00:00+00:00
a1b2c3d4-e5f6-7890-abcd-ef1234567890,06e0a9c2d4ab497f8212b832faf2,3dadc4a4-539b-4682-9f2f-1c2d90c49a53,2026-05-19T07:00:00+00:00
a1b2c3d4-e5f6-7890-abcd-ef1234567890,06e0a9c2d4ab497f8212b832faf2,5382ab43-3de8-4bea-9a77-e0de4986fd60,2026-05-19T07:00:00+00:00
a1b2c3d4-e5f6-7890-abcd-ef1234567890,06e0a9c2d4ab497f8212b832faf2,b45b4ac0-d01c-4a88-991e-1df48b3b8855,2026-05-19T07:00:00+00:00
a1b2c3d4-e5f6-7890-abcd-ef1234567890,06e0a9c2d4ab497f8212b832faf2,0faaebb9-0d77-4c27-bf9a-f259310893f3,2026-05-19T07:00:00+00:00
a1b2c3d4-e5f6-7890-abcd-ef1234567890,06e0a9c2d4ab497f8212b832faf2,4da4650f-1dd2-4d92-a2b4-74e9462fdcb6,2026-05-19T07:00:00+00:00
a1b2c3d4-e5f6-7890-abcd-ef1234567890,06e0a9c2d4ab497f8212b832faf2,50138186-c833-44b7-a712-3590fdc543e1,2026-05-19T07:00:00+00:00
a1b2c3d4-e5f6-7890-abcd-ef1234567890,06e0a9c2d4ab497f8212b832faf2,a956349b-9cec-41a5-a2f1-3fb7ddfe5899,2026-05-19T07:00:00+00:00
a1b2c3d4-e5f6-7890-abcd-ef1234567890,06e0a9c2d4ab497f8212b832faf2,341d93fc-e858-4b42-a475-4d659eaf1624,2026-05-19T07:00:00+00:00
a1b2c3d4-e5f6-7890-abcd-ef1234567890,06e0a9c2d4ab497f8212b832faf2,d23cf707-6eb2-403b-a004-717a94328369,2026-05-19T07:00:00+00:00
a1b2c3d4-e5f6-7890-abcd-ef1234567890,06e0a9c2d4ab497f8212b832faf2,1956c9af-b9e9-4aa7-8db7-637c6965e1ce,2026-05-19T07:00:00+00:00
a1b2c3d4-e5f6-7890-abcd-ef1234567890,591f209fe61c4ca9923437bb9462,f169a203-2b09-4a4e-98b9-98b6f89a3819,2026-05-19T07:00:00+00:00
a1b2c3d4-e5f6-7890-abcd-ef1234567890,591f209fe61c4ca9923437bb9462,31cc1fac-8473-4c95-961d-494fce1e0455,2026-05-19T07:00:00+00:00
a1b2c3d4-e5f6-7890-abcd-ef1234567890,591f209fe61c4ca9923437bb9462,bc0aeedb-acad-4311-b059-d24a46aff0d2,2026-05-19T07:00:00+00:00
a1b2c3d4-e5f6-7890-abcd-ef1234567890,591f209fe61c4ca9923437bb9462,c333de1c-768d-4d35-bee1-fd782c711014,2026-05-19T07:00:00+00:00
a1b2c3d4-e5f6-7890-abcd-ef1234567890,591f209fe61c4ca9923437bb9462,25678646-5382-49ba-983a-86102d138dad,2026-05-19T07:00:00+00:00
a1b2c3d4-e5f6-7890-abcd-ef1234567890,591f209fe61c4ca9923437bb9462,fcaa9bc5-c68c-405e-913c-0fd2af61e407,2026-05-19T07:00:00+00:00
a1b2c3d4-e5f6-7890-abcd-ef1234567890,591f209fe61c4ca9923437bb9462,6ff80b14-8584-4d5e-a71e-015a187377f8,2026-05-19T07:00:00+00:00
a1b2c3d4-e5f6-7890-abcd-ef1234567890,591f209fe61c4ca9923437bb9462,4ac42da8-a7bd-49b7-9087-1a46102d7e6a,2026-05-19T07:00:00+00:00
a1b2c3d4-e5f6-7890-abcd-ef1234567890,591f209fe61c4ca9923437bb9462,df776239-9e3d-4772-abc8-9e0430e4d228,2026-05-19T07:00:00+00:00
a1b2c3d4-e5f6-7890-abcd-ef1234567890,591f209fe61c4ca9923437bb9462,ac1d3391-705c-4f4c-9567-c89a8680f0e8,2026-05-19T07:00:00+00:00
a1b2c3d4-e5f6-7890-abcd-ef1234567890,591f209fe61c4ca9923437bb9462,f1280a65-993e-4c4e-add9-145e1fc6a314,2026-05-19T07:00:00+00:00
a1b2c3d4-e5f6-7890-abcd-ef1234567890,591f209fe61c4ca9923437bb9462,7def619d-b676-44e5-b42b-d28b19d5c693,2026-05-19T07:00:00+00:00
a1b2c3d4-e5f6-7890-abcd-ef1234567890,591f209fe61c4ca9923437bb9462,a8644c14-392e-4e8b-803c-5b6021954430,2026-05-19T07:00:00+00:00
a1b2c3d4-e5f6-7890-abcd-ef1234567890,591f209fe61c4ca9923437bb9462,f188a990-f216-44ce-9dc2-58ecd4665408,2026-05-19T07:00:00+00:00
a1b2c3d4-e5f6-7890-abcd-ef1234567890,591f209fe61c4ca9923437bb9462,ffbd5a73-9fa9-4c95-aaa7-52500210162a,2026-05-19T07:00:00+00:00
a1b2c3d4-e5f6-7890-abcd-ef1234567890,591f209fe61c4ca9923437bb9462,2ca56b41-1963-49f7-b1ac-562dd7aef21b,2026-05-19T07:00:00+00:00
a1b2c3d4-e5f6-7890-abcd-ef1234567890,591f209fe61c4ca9923437bb9462,c3147448-1f30-4112-8623-e05c4f0204cb,2026-05-19T07:00:00+00:00
a1b2c3d4-e5f6-7890-abcd-ef1234567890,591f209fe61c4ca9923437bb9462,da32145b-e55e-4afc-b21c-80fcedbf5035,2026-05-19T07:00:00+00:00
a1b2c3d4-e5f6-7890-abcd-ef1234567890,591f209fe61c4ca9923437bb9462,f5bd0df8-0f24-4da1-9c2a-29cbcdd49013,2026-05-19T07:00:00+00:00
a1b2c3d4-e5f6-7890-abcd-ef1234567890,591f209fe61c4ca9923437bb9462,a9acade6-169f-4eb4-a03a-7b17c7b81e6b,2026-05-19T07:00:00+00:00
a1b2c3d4-e5f6-7890-abcd-ef1234567890,591f209fe61c4ca9923437bb9462,ffc4c2aa-f03e-43cf-853d-b759789db889,2026-05-19T07:00:00+00:00
a1b2c3d4-e5f6-7890-abcd-ef1234567890,591f209fe61c4ca9923437bb9462,b097086a-e274-432b-8ac6-a2a47e667f42,2026-05-19T07:00:00+00:00
a1b2c3d4-e5f6-7890-abcd-ef1234567890,591f209fe61c4ca9923437bb9462,42106f82-f6d1-4cbb-a9b0-4d38e8aecd73,2026-05-19T07:00:00+00:00
a1b2c3d4-e5f6-7890-abcd-ef1234567890,591f209fe61c4ca9923437bb9462,e92d252f-4928-43bf-8bc0-0de5bb1cf620,2026-05-19T07:00:00+00:00
a1b2c3d4-e5f6-7890-abcd-ef1234567890,591f209fe61c4ca9923437bb9462,b7040779-c178-4020-a81d-c10ee8ea7a6b,2026-05-19T07:00:00+00:00
a1b2c3d4-e5f6-7890-abcd-ef1234567890,7963aa82e6cf47ce84a34882d20b,2ae27d89-cf94-4fc4-9f6e-246c93379f80,2026-05-19T07:00:00+00:00
a1b2c3d4-e5f6-7890-abcd-ef1234567890,7963aa82e6cf47ce84a34882d20b,d927df3e-ff28-460c-9fb2-99108e08c5f1,2026-05-19T07:00:00+00:00
a1b2c3d4-e5f6-7890-abcd-ef1234567890,7963aa82e6cf47ce84a34882d20b,c5c28ae9-2aea-45b7-b0b6-299ff26d98db,2026-05-19T07:00:00+00:00
a1b2c3d4-e5f6-7890-abcd-ef1234567890,7963aa82e6cf47ce84a34882d20b,1532e858-8cd9-434b-a355-997222f612a4,2026-05-19T07:00:00+00:00
a1b2c3d4-e5f6-7890-abcd-ef1234567890,7963aa82e6cf47ce84a34882d20b,ffec3f7a-adb8-4924-9fce-f381a7082525,2026-05-19T07:00:00+00:00
a1b2c3d4-e5f6-7890-abcd-ef1234567890,7963aa82e6cf47ce84a34882d20b,f82b513d-d2e7-4f10-af9b-84df611e695f,2026-05-19T07:00:00+00:00
a1b2c3d4-e5f6-7890-abcd-ef1234567890,7963aa82e6cf47ce84a34882d20b,d9868da1-dad4-46f3-aa6b-7dae33ce648b,2026-05-19T07:00:00+00:00
a1b2c3d4-e5f6-7890-abcd-ef1234567890,7963aa82e6cf47ce84a34882d20b,f7bd4aad-d496-4abf-89da-e3778473f484,2026-05-19T07:00:00+00:00
a1b2c3d4-e5f6-7890-abcd-ef1234567890,7963aa82e6cf47ce84a34882d20b,7364ab06-faf4-4ebf-a96f-f75face85ed6,2026-05-19T07:00:00+00:00
a1b2c3d4-e5f6-7890-abcd-ef1234567890,7963aa82e6cf47ce84a34882d20b,27f70df6-a81b-4c24-8412-dccd0c87e5b6,2026-05-19T07:00:00+00:00
a1b2c3d4-e5f6-7890-abcd-ef1234567890,7963aa82e6cf47ce84a34882d20b,bccb7f94-f0dd-48c6-af9f-d90cf2403833,2026-05-19T07:00:00+00:00
a1b2c3d4-e5f6-7890-abcd-ef1234567890,7963aa82e6cf47ce84a34882d20b,a57154b0-fd48-490b-8547-e7651ebe70d3,2026-05-19T07:00:00+00:00
a1b2c3d4-e5f6-7890-abcd-ef1234567890,7963aa82e6cf47ce84a34882d20b,0b3cb8aa-6a69-47b8-8419-57e391f3fb7b,2026-05-19T07:00:00+00:00
a1b2c3d4-e5f6-7890-abcd-ef1234567890,7963aa82e6cf47ce84a34882d20b,67236c35-b054-4432-a5f5-e92b60a4faa9,2026-05-19T07:00:00+00:00
a1b2c3d4-e5f6-7890-abcd-ef1234567890,7963aa82e6cf47ce84a34882d20b,4ec32057-ad91-4d99-a6c3-6c611cca6a5f,2026-05-19T07:00:00+00:00
